FS,Type,request_size,file_size,count,time (ns),Bandwidth (GB/s),Latency (ns)
Ext2,Posix-mmap,512,1073741824,140346648428544,148352541,7.237772,70
Ext2,Posix-mmap,1024,1073741824,140346647379968,99628467,10.777460,95
Ext2,Posix-mmap,2048,1073741824,140346646855680,98686386,10.880344,188
Ext2,Posix-mmap,4096,1073741824,140346646593536,107250800,10.011504,409
Ext2,Posix-mmap,8192,1073741824,140346646462464,99821409,10.756629,761
Ext2,Posix-mmap,16384,1073741824,140346646396928,99313083,10.811686,1515
Ext2,Posix-mmap,32768,1073741824,140346646364160,99537038,10.787360,3037
Ext2,Posix-mmap,65536,1073741824,140346646347776,100970653,10.634197,6162
Ext2,Posix-mmap,131072,1073741824,140346646339584,100037061,10.733440,12211
Ext2,Posix-mmap,262144,1073741824,140346646335488,100251355,10.710497,24475
Ext2,Posix-mmap,524288,1073741824,140346646333440,101316701,10.597876,49471
Ext2,Posix-mmap,1048576,1073741824,140346646332416,103501269,10.374190,101075
Ext2,Posix-mmap,2097152,1073741824,140346646331904,114087507,9.411564,222827
Ext2,Posix-mmap,4194304,1073741824,140346646331648,132622782,8.096209,518057
Ext2,Posix-mmap,8388608,1073741824,140346646331520,237420863,4.522525,1854850
Ext2,Posix-mmap,16777216,1073741824,140346646331456,188987847,5.681539,2952935
Ext2,Posix-mmap,33554432,1073741824,140346646331424,220101950,4.878384,6878185
Ext2,Posix-mmap,67108864,1073741824,140346646331408,207910284,5.164448,12994392
Ext2,Posix,512,1073741824,2097152,1333157354,0.805413,635
Ext2,Posix,1024,1073741824,1048576,701888436,1.529790,669
Ext2,Posix,2048,1073741824,524288,397698657,2.699888,758
Ext2,Posix,4096,1073741824,262144,239098263,4.490797,912
Ext2,Posix,8192,1073741824,131072,178671393,6.009590,1363
Ext2,Posix,16384,1073741824,65536,154282094,6.959601,2354
Ext2,Posix,32768,1073741824,32768,155329375,6.912677,4740
Ext2,Posix,65536,1073741824,16384,148799070,7.216052,9081
Ext2,Posix,131072,1073741824,8192,145081424,7.400960,17710
Ext2,Posix,262144,1073741824,4096,146803541,7.314141,35840
Ext2,Posix,524288,1073741824,2048,156233330,6.872681,76285
Ext2,Posix,1048576,1073741824,1024,145900009,7.359436,142480
Ext2,Posix,2097152,1073741824,512,145742096,7.367410,284652
Ext2,Posix,4194304,1073741824,256,159139229,6.747185,621637
Ext2,Posix,8388608,1073741824,128,172877713,6.210990,1350607
Ext2,Posix,16777216,1073741824,64,227751213,4.714538,3558612
Ext2,Posix,33554432,1073741824,32,234306016,4.582647,7322063
Ext2,Posix,67108864,1073741824,16,236365008,4.542728,14772813
Ext2,Posix-mmap,512,1073741824,140037410783232,125031191,8.587792,59
Ext2,Posix-mmap,1024,1073741824,140037409734656,98589471,10.891040,94
Ext2,Posix-mmap,2048,1073741824,140037409210368,97788748,10.980219,186
Ext2,Posix-mmap,4096,1073741824,140037408948224,106466778,10.085229,406
Ext2,Posix-mmap,8192,1073741824,140037408817152,112934851,9.507622,861
Ext2,Posix-mmap,16384,1073741824,140037408751616,98449889,10.906481,1502
Ext2,Posix-mmap,32768,1073741824,140037408718848,98449296,10.906546,3004
Ext2,Posix-mmap,65536,1073741824,140037408702464,99093552,10.835638,6048
Ext2,Posix-mmap,131072,1073741824,140037408694272,98879814,10.859060,12070
Ext2,Posix-mmap,262144,1073741824,140037408690176,113734398,9.440783,27767
Ext2,Posix-mmap,524288,1073741824,140037408688128,100090134,10.727749,48872
Ext2,Posix-mmap,1048576,1073741824,140037408687104,103110241,10.413532,100693
Ext2,Posix-mmap,2097152,1073741824,140037408686592,112966786,9.504934,220638
Ext2,Posix-mmap,4194304,1073741824,140037408686336,131602098,8.159002,514070
Ext2,Posix-mmap,8388608,1073741824,140037408686208,155361202,6.911261,1213759
Ext2,Posix-mmap,16777216,1073741824,140037408686144,186661219,5.752356,2916581
Ext2,Posix-mmap,33554432,1073741824,140037408686112,216071586,4.969380,6752237
Ext2,Posix-mmap,67108864,1073741824,140037408686096,209582729,5.123236,13098920
Ext2,Posix,512,1073741824,2097152,1332435002,0.805849,635
Ext2,Posix,1024,1073741824,1048576,703227075,1.526878,670
Ext2,Posix,2048,1073741824,524288,398929844,2.691556,760
Ext2,Posix,4096,1073741824,262144,239912337,4.475559,915
Ext2,Posix,8192,1073741824,131072,180094748,5.962094,1374
Ext2,Posix,16384,1073741824,65536,153610558,6.990026,2343
Ext2,Posix,32768,1073741824,32768,155386782,6.910123,4742
Ext2,Posix,65536,1073741824,16384,149381519,7.187916,9117
Ext2,Posix,131072,1073741824,8192,145183655,7.395749,17722
Ext2,Posix,262144,1073741824,4096,146762802,7.316171,35830
Ext2,Posix,524288,1073741824,2048,157565715,6.814565,76936
Ext2,Posix,1048576,1073741824,1024,146155230,7.346585,142729
Ext2,Posix,2097152,1073741824,512,145718736,7.368591,284606
Ext2,Posix,4194304,1073741824,256,146978485,7.305435,574134
Ext2,Posix,8388608,1073741824,128,172988630,6.207008,1351473
Ext2,Posix,16777216,1073741824,64,227769629,4.714157,3558900
Ext2,Posix,33554432,1073741824,32,233993423,4.588769,7312294
Ext2,Posix,67108864,1073741824,16,235899746,4.551687,14743734
Ext2,Posix-mmap,512,1073741824,140153374900224,125461288,8.558352,59
Ext2,Posix-mmap,1024,1073741824,140153373851648,98779916,10.870042,94
Ext2,Posix-mmap,2048,1073741824,140153373327360,97964102,10.960564,186
Ext2,Posix-mmap,4096,1073741824,140153373065216,106616594,10.071057,406
Ext2,Posix-mmap,8192,1073741824,140153372934144,112708527,9.526713,859
Ext2,Posix-mmap,16384,1073741824,140153372868608,98675444,10.881550,1505
Ext2,Posix-mmap,32768,1073741824,140153372835840,98450628,10.906399,3004
Ext2,Posix-mmap,65536,1073741824,140153372819456,99203548,10.823623,6054
Ext2,Posix-mmap,131072,1073741824,140153372811264,98817218,10.865939,12062
Ext2,Posix-mmap,262144,1073741824,140153372807168,113115595,9.492430,27616
Ext2,Posix-mmap,524288,1073741824,140153372805120,100263535,10.709196,48956
Ext2,Posix-mmap,1048576,1073741824,140153372804096,103081350,10.416451,100665
Ext2,Posix-mmap,2097152,1073741824,140153372803584,113387526,9.469664,221460
Ext2,Posix-mmap,4194304,1073741824,140153372803328,133870219,8.020767,522930
Ext2,Posix-mmap,8388608,1073741824,140153372803200,154785253,6.936978,1209259
Ext2,Posix-mmap,16777216,1073741824,140153372803136,187068941,5.739819,2922952
Ext2,Posix-mmap,33554432,1073741824,140153372803104,219189966,4.898681,6849686
Ext2,Posix-mmap,67108864,1073741824,140153372803088,208971432,5.138223,13060714
Ext2,Posix,512,1073741824,2097152,1333538749,0.805182,635
Ext2,Posix,1024,1073741824,1048576,703486870,1.526314,670
Ext2,Posix,2048,1073741824,524288,398468473,2.694672,760
Ext2,Posix,4096,1073741824,262144,240197757,4.470241,916
Ext2,Posix,8192,1073741824,131072,179031111,5.997515,1365
Ext2,Posix,16384,1073741824,65536,153436392,6.997961,2341
Ext2,Posix,32768,1073741824,32768,155169227,6.919812,4735
Ext2,Posix,65536,1073741824,16384,148829821,7.214561,9083
Ext2,Posix,131072,1073741824,8192,145300043,7.389825,17736
Ext2,Posix,262144,1073741824,4096,147019321,7.303406,35893
Ext2,Posix,524288,1073741824,2048,157234599,6.828916,76774
Ext2,Posix,1048576,1073741824,1024,146073964,7.350672,142650
Ext2,Posix,2097152,1073741824,512,145765230,7.366241,284697
Ext2,Posix,4194304,1073741824,256,146823530,7.313145,573529
Ext2,Posix,8388608,1073741824,128,174517249,6.152640,1363416
Ext2,Posix,16777216,1073741824,64,227656504,4.716500,3557132
Ext2,Posix,33554432,1073741824,32,236925438,4.531982,7403919
Ext2,Posix,67108864,1073741824,16,235093306,4.567301,14693331
Ext2,Posix-mmap,512,1073741824,139835547320320,125059828,8.585825,59
Ext2,Posix-mmap,1024,1073741824,139835546271744,98753616,10.872937,94
Ext2,Posix-mmap,2048,1073741824,139835545747456,97747345,10.984869,186
Ext2,Posix-mmap,4096,1073741824,139835545485312,106416657,10.089979,405
Ext2,Posix-mmap,8192,1073741824,139835545354240,109651052,9.792353,836
Ext2,Posix-mmap,16384,1073741824,139835545288704,98920187,10.854628,1509
Ext2,Posix-mmap,32768,1073741824,139835545255936,98632348,10.886305,3010
Ext2,Posix-mmap,65536,1073741824,139835545239552,99106193,10.834256,6048
Ext2,Posix-mmap,131072,1073741824,139835545231360,98600618,10.889808,12036
Ext2,Posix-mmap,262144,1073741824,139835545227264,109435219,9.811666,26717
Ext2,Posix-mmap,524288,1073741824,139835545225216,99923957,10.745590,48790
Ext2,Posix-mmap,1048576,1073741824,139835545224192,102336532,10.492263,99938
Ext2,Posix-mmap,2097152,1073741824,139835545223680,112295592,9.561745,219327
Ext2,Posix-mmap,4194304,1073741824,139835545223424,132555981,8.100290,517796
Ext2,Posix-mmap,8388608,1073741824,139835545223296,155927096,6.886179,1218180
Ext2,Posix-mmap,16777216,1073741824,139835545223232,187460080,5.727843,2929063
Ext2,Posix-mmap,33554432,1073741824,139835545223200,216009841,4.970800,6750307
Ext2,Posix-mmap,67108864,1073741824,139835545223184,208482127,5.150282,13030132
Ext2,Posix,512,1073741824,2097152,1330299965,0.807143,634
Ext2,Posix,1024,1073741824,1048576,702302160,1.528889,669
Ext2,Posix,2048,1073741824,524288,403635741,2.660175,769
Ext2,Posix,4096,1073741824,262144,239209773,4.488704,912
Ext2,Posix,8192,1073741824,131072,181064933,5.930148,1381
Ext2,Posix,16384,1073741824,65536,153308001,7.003821,2339
Ext2,Posix,32768,1073741824,32768,155286198,6.914599,4738
Ext2,Posix,65536,1073741824,16384,160084748,6.707334,9770
Ext2,Posix,131072,1073741824,8192,145327041,7.388452,17740
Ext2,Posix,262144,1073741824,4096,146730041,7.317805,35822
Ext2,Posix,524288,1073741824,2048,155258634,6.915827,75809
Ext2,Posix,1048576,1073741824,1024,145993361,7.354730,142571
Ext2,Posix,2097152,1073741824,512,145742641,7.367383,284653
Ext2,Posix,4194304,1073741824,256,147055631,7.301603,574436
Ext2,Posix,8388608,1073741824,128,178506868,6.015129,1394584
Ext2,Posix,16777216,1073741824,64,227166412,4.726675,3549475
Ext2,Posix,33554432,1073741824,32,244556227,4.390572,7642382
Ext2,Posix,67108864,1073741824,16,234854506,4.571945,14678406
Ext2,Posix-mmap,512,1073741824,139659453661184,124942311,8.593901,59
Ext2,Posix-mmap,1024,1073741824,139659452612608,99029313,10.842667,94
Ext2,Posix-mmap,2048,1073741824,139659452088320,97783485,10.980810,186
Ext2,Posix-mmap,4096,1073741824,139659451826176,106181023,10.112370,405
Ext2,Posix-mmap,8192,1073741824,139659451695104,99172672,10.826993,756
Ext2,Posix-mmap,16384,1073741824,139659451629568,98683931,10.880615,1505
Ext2,Posix-mmap,32768,1073741824,139659451596800,98279502,10.925389,2999
Ext2,Posix-mmap,65536,1073741824,139659451580416,99168030,10.827500,6052
Ext2,Posix-mmap,131072,1073741824,139659451572224,98882418,10.858774,12070
Ext2,Posix-mmap,262144,1073741824,139659451568128,98992848,10.846661,24168
Ext2,Posix-mmap,524288,1073741824,139659451566080,100097805,10.726927,48875
Ext2,Posix-mmap,1048576,1073741824,139659451565056,102437634,10.481908,100036
Ext2,Posix-mmap,2097152,1073741824,139659451564544,111051566,9.668858,216897
Ext2,Posix-mmap,4194304,1073741824,139659451564288,132409282,8.109264,517223
Ext2,Posix-mmap,8388608,1073741824,139659451564160,154910276,6.931379,1210236
Ext2,Posix-mmap,16777216,1073741824,139659451564096,186672479,5.752009,2916757
Ext2,Posix-mmap,33554432,1073741824,139659451564064,201557707,5.327218,6298678
Ext2,Posix-mmap,67108864,1073741824,139659451564048,209122728,5.134506,13070170
Ext2,Posix,512,1073741824,2097152,1336921777,0.803145,637
Ext2,Posix,1024,1073741824,1048576,702859052,1.527677,670
Ext2,Posix,2048,1073741824,524288,403938123,2.658184,770
Ext2,Posix,4096,1073741824,262144,239612739,4.481155,914
Ext2,Posix,8192,1073741824,131072,188860703,5.685364,1440
Ext2,Posix,16384,1073741824,65536,153225595,7.007588,2338
Ext2,Posix,32768,1073741824,32768,155175626,6.919526,4735
Ext2,Posix,65536,1073741824,16384,159536765,6.730372,9737
Ext2,Posix,131072,1073741824,8192,145332423,7.388178,17740
Ext2,Posix,262144,1073741824,4096,146744771,7.317070,35826
Ext2,Posix,524288,1073741824,2048,146878742,7.310396,71718
Ext2,Posix,1048576,1073741824,1024,145868112,7.361046,142449
Ext2,Posix,2097152,1073741824,512,145753562,7.366831,284674
Ext2,Posix,4194304,1073741824,256,146654617,7.321568,572869
Ext2,Posix,8388608,1073741824,128,178863058,6.003150,1397367
Ext2,Posix,16777216,1073741824,64,227924723,4.710949,3561323
Ext2,Posix,33554432,1073741824,32,246230194,4.360724,7694693
Ext2,Posix,67108864,1073741824,16,235073847,4.567679,14692115
Ext2,Posix-mmap,512,1073741824,140393893068800,136024124,7.893760,64
Ext2,Posix-mmap,1024,1073741824,140393892020224,98752731,10.873034,94
Ext2,Posix-mmap,2048,1073741824,140393891495936,97910740,10.966538,186
Ext2,Posix-mmap,4096,1073741824,140393891233792,106407119,10.090883,405
Ext2,Posix-mmap,8192,1073741824,140393891102720,99408927,10.801262,758
Ext2,Posix-mmap,16384,1073741824,140393891037184,98736184,10.874856,1506
Ext2,Posix-mmap,32768,1073741824,140393891004416,99030285,10.842560,3022
Ext2,Posix-mmap,65536,1073741824,140393890988032,99146764,10.829822,6051
Ext2,Posix-mmap,131072,1073741824,140393890979840,98731398,10.875384,12052
Ext2,Posix-mmap,262144,1073741824,140393890975744,98985755,10.847438,24166
Ext2,Posix-mmap,524288,1073741824,140393890973696,100059470,10.731036,48857
Ext2,Posix-mmap,1048576,1073741824,140393890972672,102661627,10.459038,100255
Ext2,Posix-mmap,2097152,1073741824,140393890972160,113763184,9.438395,222193
Ext2,Posix-mmap,4194304,1073741824,140393890971904,133329441,8.053299,520818
Ext2,Posix-mmap,8388608,1073741824,140393890971776,160896974,6.673474,1257007
Ext2,Posix-mmap,16777216,1073741824,140393890971712,187264864,5.733814,2926013
Ext2,Posix-mmap,33554432,1073741824,140393890971680,202332409,5.306821,6322887
Ext2,Posix-mmap,67108864,1073741824,140393890971664,209727901,5.119690,13107993
Ext2,Posix,512,1073741824,2097152,1333282718,0.805337,635
Ext2,Posix,1024,1073741824,1048576,703693983,1.525865,671
Ext2,Posix,2048,1073741824,524288,403599396,2.660415,769
Ext2,Posix,4096,1073741824,262144,239713529,4.479271,914
Ext2,Posix,8192,1073741824,131072,189079136,5.678796,1442
Ext2,Posix,16384,1073741824,65536,154099144,6.967864,2351
Ext2,Posix,32768,1073741824,32768,155090587,6.923320,4732
Ext2,Posix,65536,1073741824,16384,159716129,6.722814,9748
Ext2,Posix,131072,1073741824,8192,145302620,7.389693,17737
Ext2,Posix,262144,1073741824,4096,147134850,7.297672,35921
Ext2,Posix,524288,1073741824,2048,147048381,7.301963,71800
Ext2,Posix,1048576,1073741824,1024,146440703,7.332264,143008
Ext2,Posix,2097152,1073741824,512,145968584,7.355979,285094
Ext2,Posix,4194304,1073741824,256,146607767,7.323908,572686
Ext2,Posix,8388608,1073741824,128,177156706,6.060972,1384036
Ext2,Posix,16777216,1073741824,64,227061968,4.728849,3547843
Ext2,Posix,33554432,1073741824,32,245831762,4.367791,7682242
Ext2,Posix,67108864,1073741824,16,235431864,4.560733,14714491
Ext2,Posix-mmap,512,1073741824,139998756077568,136249543,7.880700,64
Ext2,Posix-mmap,1024,1073741824,139998755028992,98947002,10.851686,94
Ext2,Posix-mmap,2048,1073741824,139998754504704,98097952,10.945609,187
Ext2,Posix-mmap,4096,1073741824,139998754242560,106368469,10.094550,405
Ext2,Posix-mmap,8192,1073741824,139998754111488,99390365,10.803279,758
Ext2,Posix-mmap,16384,1073741824,139998754045952,112104328,9.578059,1710
Ext2,Posix-mmap,32768,1073741824,139998754013184,98375453,10.914733,3002
Ext2,Posix-mmap,65536,1073741824,139998753996800,99425610,10.799449,6068
Ext2,Posix-mmap,131072,1073741824,139998753988608,98884060,10.858594,12070
Ext2,Posix-mmap,262144,1073741824,139998753984512,99205101,10.823454,24219
Ext2,Posix-mmap,524288,1073741824,139998753982464,115413171,9.303460,56354
Ext2,Posix-mmap,1048576,1073741824,139998753981440,103121819,10.412363,100704
Ext2,Posix-mmap,2097152,1073741824,139998753980928,111802077,9.603952,218363
Ext2,Posix-mmap,4194304,1073741824,139998753980672,132688802,8.092181,518315
Ext2,Posix-mmap,8388608,1073741824,139998753980544,171317481,6.267556,1338417
Ext2,Posix-mmap,16777216,1073741824,139998753980480,187278706,5.733390,2926229
Ext2,Posix-mmap,33554432,1073741824,139998753980448,203115387,5.286364,6347355
Ext2,Posix-mmap,67108864,1073741824,139998753980432,208776910,5.143010,13048556
Ext2,Posix,512,1073741824,2097152,1333650402,0.805115,635
Ext2,Posix,1024,1073741824,1048576,701586251,1.530449,669
Ext2,Posix,2048,1073741824,524288,403339734,2.662128,769
Ext2,Posix,4096,1073741824,262144,239606374,4.481274,914
Ext2,Posix,8192,1073741824,131072,188594690,5.693383,1438
Ext2,Posix,16384,1073741824,65536,153585167,6.991182,2343
Ext2,Posix,32768,1073741824,32768,155283903,6.914701,4738
Ext2,Posix,65536,1073741824,16384,157265239,6.827585,9598
Ext2,Posix,131072,1073741824,8192,145100074,7.400009,17712
Ext2,Posix,262144,1073741824,4096,146990776,7.304825,35886
Ext2,Posix,524288,1073741824,2048,146997090,7.304511,71775
Ext2,Posix,1048576,1073741824,1024,145971264,7.355844,142550
Ext2,Posix,2097152,1073741824,512,146098707,7.349427,285349
Ext2,Posix,4194304,1073741824,256,146604098,7.324091,572672
Ext2,Posix,8388608,1073741824,128,187342115,5.731449,1463610
Ext2,Posix,16777216,1073741824,64,228407494,4.700992,3568867
Ext2,Posix,33554432,1073741824,32,246411323,4.357518,7700353
Ext2,Posix,67108864,1073741824,16,236155118,4.546765,14759694
Ext2,Posix-mmap,512,1073741824,139852727189504,135934595,7.898959,64
Ext2,Posix-mmap,1024,1073741824,139852726140928,98749325,10.873409,94
Ext2,Posix-mmap,2048,1073741824,139852725616640,97944193,10.962792,186
Ext2,Posix-mmap,4096,1073741824,139852725354496,106393753,10.092151,405
Ext2,Posix-mmap,8192,1073741824,139852725223424,99240636,10.819578,757
Ext2,Posix-mmap,16384,1073741824,139852725157888,112289459,9.562267,1713
Ext2,Posix-mmap,32768,1073741824,139852725125120,98609457,10.888832,3009
Ext2,Posix-mmap,65536,1073741824,139852725108736,99530205,10.788100,6074
Ext2,Posix-mmap,131072,1073741824,139852725100544,99091159,10.835899,12096
Ext2,Posix-mmap,262144,1073741824,139852725096448,99111408,10.833686,24197
Ext2,Posix-mmap,524288,1073741824,139852725094400,114379978,9.387498,55849
Ext2,Posix-mmap,1048576,1073741824,139852725093376,102490663,10.476484,100088
Ext2,Posix-mmap,2097152,1073741824,139852725092864,112470065,9.546912,219668
Ext2,Posix-mmap,4194304,1073741824,139852725092608,132966970,8.075252,519402
Ext2,Posix-mmap,8388608,1073741824,139852725092480,171463566,6.262216,1339559
Ext2,Posix-mmap,16777216,1073741824,139852725092416,188829403,5.686306,2950459
Ext2,Posix-mmap,33554432,1073741824,139852725092384,202392561,5.305244,6324767
Ext2,Posix-mmap,67108864,1073741824,139852725092368,209096964,5.135138,13068560
Ext2,Posix,512,1073741824,2097152,1333862874,0.804987,636
Ext2,Posix,1024,1073741824,1048576,702638990,1.528156,670
Ext2,Posix,2048,1073741824,524288,403894954,2.658468,770
Ext2,Posix,4096,1073741824,262144,239764168,4.478325,914
Ext2,Posix,8192,1073741824,131072,188621430,5.692576,1439
Ext2,Posix,16384,1073741824,65536,153105659,7.013077,2336
Ext2,Posix,32768,1073741824,32768,155370748,6.910836,4741
Ext2,Posix,65536,1073741824,16384,148985348,7.207030,9093
Ext2,Posix,131072,1073741824,8192,145320264,7.388796,17739
Ext2,Posix,262144,1073741824,4096,146491973,7.329697,35764
Ext2,Posix,524288,1073741824,2048,146994462,7.304641,71774
Ext2,Posix,1048576,1073741824,1024,148675314,7.222059,145190
Ext2,Posix,2097152,1073741824,512,145893797,7.359750,284948
Ext2,Posix,4194304,1073741824,256,146576781,7.325456,572565
Ext2,Posix,8388608,1073741824,128,194436351,5.522331,1519033
Ext2,Posix,16777216,1073741824,64,228244978,4.704339,3566327
Ext2,Posix,33554432,1073741824,32,245626982,4.371433,7675843
Ext2,Posix,67108864,1073741824,16,235490085,4.559605,14718130
Ext2,Posix-mmap,512,1073741824,140316583657472,133619462,8.035819,63
Ext2,Posix-mmap,1024,1073741824,140316582608896,98791096,10.868812,94
Ext2,Posix-mmap,2048,1073741824,140316582084608,98533956,10.897176,187
Ext2,Posix-mmap,4096,1073741824,140316581822464,106347551,10.096535,405
Ext2,Posix-mmap,8192,1073741824,140316581691392,99345892,10.808115,757
Ext2,Posix-mmap,16384,1073741824,140316581625856,112088834,9.579383,1710
Ext2,Posix-mmap,32768,1073741824,140316581593088,98267005,10.926779,2998
Ext2,Posix-mmap,65536,1073741824,140316581576704,99081166,10.836992,6047
Ext2,Posix-mmap,131072,1073741824,140316581568512,98875885,10.859491,12069
Ext2,Posix-mmap,262144,1073741824,140316581564416,99052346,10.840145,24182
Ext2,Posix-mmap,524288,1073741824,140316581562368,114008405,9.418094,55668
Ext2,Posix-mmap,1048576,1073741824,140316581561344,102453261,10.480309,100052
Ext2,Posix-mmap,2097152,1073741824,140316581560832,113064154,9.496748,220828
Ext2,Posix-mmap,4194304,1073741824,140316581560576,133202810,8.060955,520323
Ext2,Posix-mmap,8388608,1073741824,140316581560448,171619947,6.256509,1340780
Ext2,Posix-mmap,16777216,1073741824,140316581560384,187074516,5.739648,2923039
Ext2,Posix-mmap,33554432,1073741824,140316581560352,202540696,5.301363,6329396
Ext2,Posix-mmap,67108864,1073741824,140316581560336,208844048,5.141357,13052753
Ext2,Posix,512,1073741824,2097152,1328226930,0.808402,633
Ext2,Posix,1024,1073741824,1048576,702528196,1.528397,669
Ext2,Posix,2048,1073741824,524288,403009803,2.664307,768
Ext2,Posix,4096,1073741824,262144,239567980,4.481992,913
Ext2,Posix,8192,1073741824,131072,187692691,5.720744,1431
Ext2,Posix,16384,1073741824,65536,152842064,7.025172,2332
Ext2,Posix,32768,1073741824,32768,155227458,6.917216,4737
Ext2,Posix,65536,1073741824,16384,149040247,7.204375,9096
Ext2,Posix,131072,1073741824,8192,145185764,7.395641,17722
Ext2,Posix,262144,1073741824,4096,146642216,7.322188,35801
Ext2,Posix,524288,1073741824,2048,146953946,7.306655,71754
Ext2,Posix,1048576,1073741824,1024,157089600,6.835219,153407
Ext2,Posix,2097152,1073741824,512,145764935,7.366256,284697
Ext2,Posix,4194304,1073741824,256,146567282,7.325931,572528
Ext2,Posix,8388608,1073741824,128,192730678,5.571203,1505708
Ext2,Posix,16777216,1073741824,64,227923557,4.710973,3561305
Ext2,Posix,33554432,1073741824,32,245817246,4.368049,7681788
Ext2,Posix,67108864,1073741824,16,234975378,4.569593,14685961
Ext2,Posix-mmap,512,1073741824,140501267251200,125139138,8.580384,59
Ext2,Posix-mmap,1024,1073741824,140501266202624,98686300,10.880353,94
Ext2,Posix-mmap,2048,1073741824,140501265678336,97833709,10.975172,186
Ext2,Posix-mmap,4096,1073741824,140501265416192,106306353,10.100448,405
Ext2,Posix-mmap,8192,1073741824,140501265285120,99319273,10.811012,757
Ext2,Posix-mmap,16384,1073741824,140501265219584,98487939,10.902267,1502
Ext2,Posix-mmap,32768,1073741824,140501265186816,98481952,10.902930,3005
Ext2,Posix-mmap,65536,1073741824,140501265170432,99137594,10.830824,6050
Ext2,Posix-mmap,131072,1073741824,140501265162240,98944867,10.851920,12078
Ext2,Posix-mmap,262144,1073741824,140501265158144,99242651,10.819359,24229
Ext2,Posix-mmap,524288,1073741824,140501265156096,100373823,10.697429,49010
Ext2,Posix-mmap,1048576,1073741824,140501265155072,102340916,10.491814,99942
Ext2,Posix-mmap,2097152,1073741824,140501265154560,113763731,9.438349,222194
Ext2,Posix-mmap,4194304,1073741824,140501265154304,132775616,8.086890,518654
Ext2,Posix-mmap,8388608,1073741824,140501265154176,170575776,6.294808,1332623
Ext2,Posix-mmap,16777216,1073741824,140501265154112,186788594,5.748434,2918571
Ext2,Posix-mmap,33554432,1073741824,140501265154080,201643179,5.324960,6301349
Ext2,Posix-mmap,67108864,1073741824,140501265154064,208805091,5.142316,13050318
Ext2,Posix,512,1073741824,2097152,1327679504,0.808736,633
Ext2,Posix,1024,1073741824,1048576,702158830,1.529201,669
Ext2,Posix,2048,1073741824,524288,403566317,2.660633,769
Ext2,Posix,4096,1073741824,262144,240141332,4.471291,916
Ext2,Posix,8192,1073741824,131072,179004391,5.998411,1365
Ext2,Posix,16384,1073741824,65536,153804574,6.981209,2346
Ext2,Posix,32768,1073741824,32768,155251340,6.916152,4737
Ext2,Posix,65536,1073741824,16384,149259259,7.193804,9110
Ext2,Posix,131072,1073741824,8192,145096005,7.400216,17711
Ext2,Posix,262144,1073741824,4096,147203462,7.294270,35938
Ext2,Posix,524288,1073741824,2048,146988741,7.304926,71771
Ext2,Posix,1048576,1073741824,1024,156683621,6.852930,153011
Ext2,Posix,2097152,1073741824,512,145933776,7.357733,285026
Ext2,Posix,4194304,1073741824,256,146986835,7.305020,574167
Ext2,Posix,8388608,1073741824,128,192125416,5.588755,1500979
Ext2,Posix,16777216,1073741824,64,228373618,4.701689,3568337
Ext2,Posix,33554432,1073741824,32,233960456,4.589416,7311264
Ext2,Posix,67108864,1073741824,16,234806098,4.572887,14675381
Ext2,Quill-mmap,512,1073741824,140260749082624,137426219,7.813224,65
Ext2,Quill-mmap,1024,1073741824,140260748034048,99098662,10.835079,94
Ext2,Quill-mmap,2048,1073741824,140260747509760,98320217,10.920865,187
Ext2,Quill-mmap,4096,1073741824,140260747247616,107276434,10.009112,409
Ext2,Quill-mmap,8192,1073741824,140260747116544,99738319,10.765590,760
Ext2,Quill-mmap,16384,1073741824,140260747051008,112689238,9.528344,1719
Ext2,Quill-mmap,32768,1073741824,140260747018240,99082665,10.836828,3023
Ext2,Quill-mmap,65536,1073741824,140260747001856,99545924,10.786397,6075
Ext2,Quill-mmap,131072,1073741824,140260746993664,99307202,10.812326,12122
Ext2,Quill-mmap,262144,1073741824,140260746989568,99895727,10.748626,24388
Ext2,Quill-mmap,524288,1073741824,140260746987520,114674685,9.363373,55993
Ext2,Quill-mmap,1048576,1073741824,140260746986496,102656850,10.459524,100250
Ext2,Quill-mmap,2097152,1073741824,140260746985984,112393117,9.553448,219517
Ext2,Quill-mmap,4194304,1073741824,140260746985728,132376756,8.111257,517096
Ext2,Quill-mmap,8388608,1073741824,140260746985600,173286110,6.196353,1353797
Ext2,Quill-mmap,16777216,1073741824,140260746985536,185542106,5.787052,2899095
Ext2,Quill-mmap,33554432,1073741824,140260746985504,202503659,5.302333,6328239
Ext2,Quill-mmap,67108864,1073741824,140260746985488,209281944,5.130599,13080121
Ext2,Quill,512,1073741824,2097152,614183327,1.748243,292
Ext2,Quill,1024,1073741824,1048576,349272300,3.074226,333
Ext2,Quill,2048,1073741824,524288,224560733,4.781521,428
Ext2,Quill,4096,1073741824,262144,170871991,6.283896,651
Ext2,Quill,8192,1073741824,131072,133792172,8.025446,1020
Ext2,Quill,16384,1073741824,65536,116380620,9.226122,1775
Ext2,Quill,32768,1073741824,32768,121805043,8.815249,3717
Ext2,Quill,65536,1073741824,16384,104509078,10.274149,6378
Ext2,Quill,131072,1073741824,8192,101963277,10.530672,12446
Ext2,Quill,262144,1073741824,4096,100618462,10.671420,24565
Ext2,Quill,524288,1073741824,2048,101053492,10.625480,49342
Ext2,Quill,1048576,1073741824,1024,106477484,10.084215,103981
Ext2,Quill,2097152,1073741824,512,110727000,9.697200,216263
Ext2,Quill,4194304,1073741824,256,132725158,8.089965,518457
Ext2,Quill,8388608,1073741824,128,155730256,6.894883,1216642
Ext2,Quill,16777216,1073741824,64,186791003,5.748359,2918609
Ext2,Quill,33554432,1073741824,32,202834605,5.293682,6338581
Ext2,Quill,67108864,1073741824,16,221632773,4.844689,13852048
Ext2,Quill-mmap,512,1073741824,140428252807168,124956159,8.592948,59
Ext2,Quill-mmap,1024,1073741824,140428251758592,98299766,10.923137,93
Ext2,Quill-mmap,2048,1073741824,140428251234304,111949451,9.591309,213
Ext2,Quill-mmap,4096,1073741824,140428250972160,105031065,10.223088,400
Ext2,Quill-mmap,8192,1073741824,140428250841088,99770874,10.762077,761
Ext2,Quill-mmap,16384,1073741824,140428250775552,98601732,10.889685,1504
Ext2,Quill-mmap,32768,1073741824,140428250742784,98621479,10.887505,3009
Ext2,Quill-mmap,65536,1073741824,140428250726400,113276810,9.478920,6913
Ext2,Quill-mmap,131072,1073741824,140428250718208,99061303,10.839165,12092
Ext2,Quill-mmap,262144,1073741824,140428250714112,99344684,10.808246,24254
Ext2,Quill-mmap,524288,1073741824,140428250712064,100499550,10.684046,49072
Ext2,Quill-mmap,1048576,1073741824,140428250711040,102412409,10.484489,100012
Ext2,Quill-mmap,2097152,1073741824,140428250710528,110605750,9.707830,216026
Ext2,Quill-mmap,4194304,1073741824,140428250710272,131043194,8.193801,511887
Ext2,Quill-mmap,8388608,1073741824,140428250710144,154847344,6.934196,1209744
Ext2,Quill-mmap,16777216,1073741824,140428250710080,200825835,5.346632,3137903
Ext2,Quill-mmap,33554432,1073741824,140428250710048,202541727,5.301336,6329428
Ext2,Quill-mmap,67108864,1073741824,140428250710032,208371092,5.153027,13023193
Ext2,Quill,512,1073741824,2097152,619055807,1.734483,295
Ext2,Quill,1024,1073741824,1048576,354982574,3.024773,338
Ext2,Quill,2048,1073741824,524288,216871606,4.951048,413
Ext2,Quill,4096,1073741824,262144,170861687,6.284275,651
Ext2,Quill,8192,1073741824,131072,133832486,8.023028,1021
Ext2,Quill,16384,1073741824,65536,116313877,9.231416,1774
Ext2,Quill,32768,1073741824,32768,108708472,9.877260,3317
Ext2,Quill,65536,1073741824,16384,104421419,10.282774,6373
Ext2,Quill,131072,1073741824,8192,104963432,10.229675,12812
Ext2,Quill,262144,1073741824,4096,100455518,10.688729,24525
Ext2,Quill,524288,1073741824,2048,100988098,10.632360,49310
Ext2,Quill,1048576,1073741824,1024,103011321,10.423532,100596
Ext2,Quill,2097152,1073741824,512,112756023,9.522700,220226
Ext2,Quill,4194304,1073741824,256,132040414,8.131918,515782
Ext2,Quill,8388608,1073741824,128,155965731,6.884473,1218482
Ext2,Quill,16777216,1073741824,64,186236177,5.765485,2909940
Ext2,Quill,33554432,1073741824,32,202636811,5.298849,6332400
Ext2,Quill,67108864,1073741824,16,208837331,5.141522,13052333
Ext2,Quill-mmap,512,1073741824,140376713199616,124852246,8.600100,59
Ext2,Quill-mmap,1024,1073741824,140376712151040,98567705,10.893445,94
Ext2,Quill-mmap,2048,1073741824,140376711626752,98070202,10.948706,187
Ext2,Quill-mmap,4096,1073741824,140376711364608,105130222,10.213446,401
Ext2,Quill-mmap,8192,1073741824,140376711233536,113191912,9.486030,863
Ext2,Quill-mmap,16384,1073741824,140376711168000,98876415,10.859433,1508
Ext2,Quill-mmap,32768,1073741824,140376711135232,98553880,10.894973,3007
Ext2,Quill-mmap,65536,1073741824,140376711118848,100038093,10.733330,6105
Ext2,Quill-mmap,131072,1073741824,140376711110656,99256650,10.817833,12116
Ext2,Quill-mmap,262144,1073741824,140376711106560,108224580,9.921423,26422
Ext2,Quill-mmap,524288,1073741824,140376711104512,100536352,10.680135,49090
Ext2,Quill-mmap,1048576,1073741824,140376711103488,102567004,10.468687,100163
Ext2,Quill-mmap,2097152,1073741824,140376711102976,111126637,9.662326,217044
Ext2,Quill-mmap,4194304,1073741824,140376711102720,143153791,7.500617,559194
Ext2,Quill-mmap,8388608,1073741824,140376711102592,156348426,6.867622,1221472
Ext2,Quill-mmap,16777216,1073741824,140376711102528,186167214,5.767620,2908862
Ext2,Quill-mmap,33554432,1073741824,140376711102496,216477827,4.960055,6764932
Ext2,Quill-mmap,67108864,1073741824,140376711102480,208345540,5.153659,13021596
Ext2,Quill,512,1073741824,2097152,619107403,1.734339,295
Ext2,Quill,1024,1073741824,1048576,348834499,3.078084,332
Ext2,Quill,2048,1073741824,524288,218227297,4.920291,416
Ext2,Quill,4096,1073741824,262144,170938079,6.281467,652
Ext2,Quill,8192,1073741824,131072,133911865,8.018272,1021
Ext2,Quill,16384,1073741824,65536,128603025,8.349273,1962
Ext2,Quill,32768,1073741824,32768,108607464,9.886446,3314
Ext2,Quill,65536,1073741824,16384,104594810,10.265728,6383
Ext2,Quill,131072,1073741824,8192,101297022,10.599935,12365
Ext2,Quill,262144,1073741824,4096,100410811,10.693488,24514
Ext2,Quill,524288,1073741824,2048,101196142,10.610502,49412
Ext2,Quill,1048576,1073741824,1024,103306732,10.393726,100885
Ext2,Quill,2097152,1073741824,512,115039746,9.333660,224687
Ext2,Quill,4194304,1073741824,256,133546742,8.040195,521666
Ext2,Quill,8388608,1073741824,128,165716895,6.479375,1294663
Ext2,Quill,16777216,1073741824,64,186130837,5.768748,2908294
Ext2,Quill,33554432,1073741824,32,203876902,5.266618,6371153
Ext2,Quill,67108864,1073741824,16,209265495,5.131003,13079093
Ext2,Quill-mmap,512,1073741824,140385303134208,125071719,8.585009,59
Ext2,Quill-mmap,1024,1073741824,140385302085632,112192011,9.570573,106
Ext2,Quill-mmap,2048,1073741824,140385301561344,98053572,10.950563,187
Ext2,Quill-mmap,4096,1073741824,140385301299200,104978543,10.228203,400
Ext2,Quill-mmap,8192,1073741824,140385301168128,99368490,10.805657,758
Ext2,Quill-mmap,16384,1073741824,140385301102592,98525252,10.898138,1503
Ext2,Quill-mmap,32768,1073741824,140385301069824,105364726,10.190714,3215
Ext2,Quill-mmap,65536,1073741824,140385301053440,99808371,10.758034,6091
Ext2,Quill-mmap,131072,1073741824,140385301045248,99325916,10.810289,12124
Ext2,Quill-mmap,262144,1073741824,140385301041152,99592839,10.781316,24314
Ext2,Quill-mmap,524288,1073741824,140385301039104,100333605,10.701717,48991
Ext2,Quill-mmap,1048576,1073741824,140385301038080,102268022,10.499292,99871
Ext2,Quill-mmap,2097152,1073741824,140385301037568,110457882,9.720826,215738
Ext2,Quill-mmap,4194304,1073741824,140385301037312,130860222,8.205258,511172
Ext2,Quill-mmap,8388608,1073741824,140385301037184,155352042,6.911669,1213687
Ext2,Quill-mmap,16777216,1073741824,140385301037120,184948926,5.805613,2889826
Ext2,Quill-mmap,33554432,1073741824,140385301037088,204213542,5.257936,6381673
Ext2,Quill-mmap,67108864,1073741824,140385301037072,222004859,4.836569,13875303
Ext2,Quill,512,1073741824,2097152,614301054,1.747908,292
Ext2,Quill,1024,1073741824,1048576,348899001,3.077515,332
Ext2,Quill,2048,1073741824,524288,216895323,4.950507,413
Ext2,Quill,4096,1073741824,262144,174347403,6.158634,665
Ext2,Quill,8192,1073741824,131072,133443143,8.046437,1018
Ext2,Quill,16384,1073741824,65536,116189053,9.241334,1772
Ext2,Quill,32768,1073741824,32768,108470980,9.898886,3310
Ext2,Quill,65536,1073741824,16384,107993703,9.942634,6591
Ext2,Quill,131072,1073741824,8192,101258767,10.603939,12360
Ext2,Quill,262144,1073741824,4096,100502382,10.683745,24536
Ext2,Quill,524288,1073741824,2048,100963630,10.634937,49298
Ext2,Quill,1048576,1073741824,1024,102843096,10.440582,100432
Ext2,Quill,2097152,1073741824,512,114269374,9.396584,223182
Ext2,Quill,4194304,1073741824,256,132564489,8.099770,517830
Ext2,Quill,8388608,1073741824,128,156182143,6.874933,1220172
Ext2,Quill,16777216,1073741824,64,200429059,5.357216,3131704
Ext2,Quill,33554432,1073741824,32,202697089,5.297273,6334284
Ext2,Quill,67108864,1073741824,16,207570704,5.172897,12973169
Ext2,Quill-mmap,512,1073741824,139968691306496,124969333,8.592043,59
Ext2,Quill-mmap,1024,1073741824,139968690257920,98599503,10.889931,94
Ext2,Quill-mmap,2048,1073741824,139968689733632,98056728,10.950211,187
Ext2,Quill-mmap,4096,1073741824,139968689471488,117851682,9.110959,449
Ext2,Quill-mmap,8192,1073741824,139968689340416,99753093,10.763995,761
Ext2,Quill-mmap,16384,1073741824,139968689274880,98673965,10.881714,1505
Ext2,Quill-mmap,32768,1073741824,139968689242112,98619327,10.887742,3009
Ext2,Quill-mmap,65536,1073741824,139968689225728,99689098,10.770905,6084
Ext2,Quill-mmap,131072,1073741824,139968689217536,105458685,10.181635,12873
Ext2,Quill-mmap,262144,1073741824,139968689213440,99691744,10.770619,24338
Ext2,Quill-mmap,524288,1073741824,139968689211392,100590648,10.674370,49116
Ext2,Quill-mmap,1048576,1073741824,139968689210368,102106411,10.515910,99713
Ext2,Quill-mmap,2097152,1073741824,139968689209856,111113527,9.663466,217018
Ext2,Quill-mmap,4194304,1073741824,139968689209600,131030072,8.194621,511836
Ext2,Quill-mmap,8388608,1073741824,139968689209472,155918246,6.886569,1218111
Ext2,Quill-mmap,16777216,1073741824,139968689209408,185182433,5.798292,2893475
Ext2,Quill-mmap,33554432,1073741824,139968689209376,202686050,5.297562,6333939
Ext2,Quill-mmap,67108864,1073741824,139968689209360,208639189,5.146405,13039949
Ext2,Quill,512,1073741824,2097152,618936859,1.734816,295
Ext2,Quill,1024,1073741824,1048576,349673851,3.070695,333
Ext2,Quill,2048,1073741824,524288,216667885,4.955704,413
Ext2,Quill,4096,1073741824,262144,170878105,6.283671,651
Ext2,Quill,8192,1073741824,131072,144628315,7.424147,1103
Ext2,Quill,16384,1073741824,65536,116209017,9.239746,1773
Ext2,Quill,32768,1073741824,32768,108368039,9.908289,3307
Ext2,Quill,65536,1073741824,16384,105340656,10.193043,6429
Ext2,Quill,131072,1073741824,8192,101354734,10.593899,12372
Ext2,Quill,262144,1073741824,4096,103638483,10.360455,25302
Ext2,Quill,524288,1073741824,2048,101060292,10.624765,49345
Ext2,Quill,1048576,1073741824,1024,102767045,10.448309,100358
Ext2,Quill,2097152,1073741824,512,113835103,9.432432,222334
Ext2,Quill,4194304,1073741824,256,149246027,7.194442,582992
Ext2,Quill,8388608,1073741824,128,155741546,6.894383,1216730
Ext2,Quill,16777216,1073741824,64,185653993,5.783564,2900843
Ext2,Quill,33554432,1073741824,32,216753328,4.953750,6773541
Ext2,Quill,67108864,1073741824,16,208093176,5.159909,13005823
Ext2,Quill-mmap,512,1073741824,139668043595776,127315324,8.433720,60
Ext2,Quill-mmap,1024,1073741824,139668042547200,98669940,10.882157,94
Ext2,Quill-mmap,2048,1073741824,139668042022912,98111522,10.944095,187
Ext2,Quill-mmap,4096,1073741824,139668041760768,105293965,10.197563,401
Ext2,Quill-mmap,8192,1073741824,139668041629696,99411823,10.800947,758
Ext2,Quill-mmap,16384,1073741824,139668041564160,98675960,10.881494,1505
Ext2,Quill-mmap,32768,1073741824,139668041531392,98607121,10.889090,3009
Ext2,Quill-mmap,65536,1073741824,139668041515008,99718397,10.767741,6086
Ext2,Quill-mmap,131072,1073741824,139668041506816,99104195,10.834474,12097
Ext2,Quill-mmap,262144,1073741824,139668041502720,99427809,10.799210,24274
Ext2,Quill-mmap,524288,1073741824,139668041500672,100442325,10.690133,49044
Ext2,Quill-mmap,1048576,1073741824,139668041499648,101889756,10.538271,99501
Ext2,Quill-mmap,2097152,1073741824,139668041499136,110492514,9.717779,215805
Ext2,Quill-mmap,4194304,1073741824,139668041498880,131272733,8.179473,512784
Ext2,Quill-mmap,8388608,1073741824,139668041498752,158763184,6.763166,1240337
Ext2,Quill-mmap,16777216,1073741824,139668041498688,185118221,5.800303,2892472
Ext2,Quill-mmap,33554432,1073741824,139668041498656,202856656,5.293106,6339270
Ext2,Quill-mmap,67108864,1073741824,139668041498640,208251674,5.155982,13015729
Ext2,Quill,512,1073741824,2097152,614527777,1.747263,293
Ext2,Quill,1024,1073741824,1048576,348700635,3.079265,332
Ext2,Quill,2048,1073741824,524288,224642203,4.779787,428
Ext2,Quill,4096,1073741824,262144,170832980,6.285331,651
Ext2,Quill,8192,1073741824,131072,133772850,8.026605,1020
Ext2,Quill,16384,1073741824,65536,116601024,9.208683,1779
Ext2,Quill,32768,1073741824,32768,109111744,9.840754,3329
Ext2,Quill,65536,1073741824,16384,104238056,10.300862,6362
Ext2,Quill,131072,1073741824,8192,101382193,10.591030,12375
Ext2,Quill,262144,1073741824,4096,101266766,10.603102,24723
Ext2,Quill,524288,1073741824,2048,100514916,10.682413,49079
Ext2,Quill,1048576,1073741824,1024,102176928,10.508652,99782
Ext2,Quill,2097152,1073741824,512,111182321,9.657487,217152
Ext2,Quill,4194304,1073741824,256,132548518,8.100746,517767
Ext2,Quill,8388608,1073741824,128,157203524,6.830266,1228152
Ext2,Quill,16777216,1073741824,64,185329680,5.793685,2895776
Ext2,Quill,33554432,1073741824,32,203711612,5.270892,6365987
Ext2,Quill,67108864,1073741824,16,212627175,5.049880,13289198
Ext2,Quill-mmap,512,1073741824,139758237908992,125351985,8.565814,59
Ext2,Quill-mmap,1024,1073741824,139758236860416,98198395,10.934413,93
Ext2,Quill-mmap,2048,1073741824,139758236336128,98451483,10.906304,187
Ext2,Quill-mmap,4096,1073741824,139758236073984,105120802,10.214361,401
Ext2,Quill-mmap,8192,1073741824,139758235942912,99387319,10.803610,758
Ext2,Quill-mmap,16384,1073741824,139758235877376,99408574,10.801300,1516
Ext2,Quill-mmap,32768,1073741824,139758235844608,98792571,10.868649,3014
Ext2,Quill-mmap,65536,1073741824,139758235828224,99479895,10.793556,6071
Ext2,Quill-mmap,131072,1073741824,139758235820032,99197590,10.824273,12109
Ext2,Quill-mmap,262144,1073741824,139758235815936,99684156,10.771439,24336
Ext2,Quill-mmap,524288,1073741824,139758235813888,100015994,10.735701,48835
Ext2,Quill-mmap,1048576,1073741824,139758235812864,102017958,10.525028,99626
Ext2,Quill-mmap,2097152,1073741824,139758235812352,110872881,9.684441,216548
Ext2,Quill-mmap,4194304,1073741824,139758235812096,131999675,8.134428,515623
Ext2,Quill-mmap,8388608,1073741824,139758235811968,157898518,6.800202,1233582
Ext2,Quill-mmap,16777216,1073741824,139758235811904,197428000,5.438650,3084812
Ext2,Quill-mmap,33554432,1073741824,139758235811872,201724115,5.322823,6303878
Ext2,Quill-mmap,67108864,1073741824,139758235811856,221640790,4.844514,13852549
Ext2,Quill,512,1073741824,2097152,619148385,1.734224,295
Ext2,Quill,1024,1073741824,1048576,354620122,3.027865,338
Ext2,Quill,2048,1073741824,524288,216720191,4.954508,413
Ext2,Quill,4096,1073741824,262144,170964713,6.280488,652
Ext2,Quill,8192,1073741824,131072,133800403,8.024952,1020
Ext2,Quill,16384,1073741824,65536,116435689,9.221759,1776
Ext2,Quill,32768,1073741824,32768,108523737,9.894073,3311
Ext2,Quill,65536,1073741824,16384,104067147,10.317779,6351
Ext2,Quill,131072,1073741824,8192,101446299,10.584337,12383
Ext2,Quill,262144,1073741824,4096,100264930,10.709047,24478
Ext2,Quill,524288,1073741824,2048,100604484,10.672902,49123
Ext2,Quill,1048576,1073741824,1024,102925313,10.432242,100513
Ext2,Quill,2097152,1073741824,512,113296540,9.477269,221282
Ext2,Quill,4194304,1073741824,256,132907879,8.078843,519171
Ext2,Quill,8388608,1073741824,128,155627641,6.899429,1215840
Ext2,Quill,16777216,1073741824,64,185477923,5.789055,2898092
Ext2,Quill,33554432,1073741824,32,201597381,5.326170,6299918
Ext2,Quill,67108864,1073741824,16,207729821,5.168934,12983113
Ext2,Quill-mmap,512,1073741824,140716015616000,124937353,8.594242,59
Ext2,Quill-mmap,1024,1073741824,140716014567424,98265205,10.926979,93
Ext2,Quill-mmap,2048,1073741824,140716014043136,98015528,10.954813,186
Ext2,Quill-mmap,4096,1073741824,140716013780992,105122277,10.214218,401
Ext2,Quill-mmap,8192,1073741824,140716013649920,100056914,10.731311,763
Ext2,Quill-mmap,16384,1073741824,140716013584384,98764474,10.871741,1507
Ext2,Quill-mmap,32768,1073741824,140716013551616,98517734,10.898970,3006
Ext2,Quill-mmap,65536,1073741824,140716013535232,99652923,10.774815,6082
Ext2,Quill-mmap,131072,1073741824,140716013527040,99155073,10.828915,12103
Ext2,Quill-mmap,262144,1073741824,140716013522944,99142065,10.830335,24204
Ext2,Quill-mmap,524288,1073741824,140716013520896,99950309,10.742756,48803
Ext2,Quill-mmap,1048576,1073741824,140716013519872,101852129,10.542164,99464
Ext2,Quill-mmap,2097152,1073741824,140716013519360,109616887,9.795405,214095
Ext2,Quill-mmap,4194304,1073741824,140716013519104,149100577,7.201460,582424
Ext2,Quill-mmap,8388608,1073741824,140716013518976,153364927,7.001221,1198163
Ext2,Quill-mmap,16777216,1073741824,140716013518912,186928441,5.744133,2920756
Ext2,Quill-mmap,33554432,1073741824,140716013518880,215783133,4.976023,6743222
Ext2,Quill-mmap,67108864,1073741824,140716013518864,209143396,5.133998,13071462
Ext2,Quill,512,1073741824,2097152,619031711,1.734551,295
Ext2,Quill,1024,1073741824,1048576,348796295,3.078421,332
Ext2,Quill,2048,1073741824,524288,225308568,4.765650,429
Ext2,Quill,4096,1073741824,262144,171130117,6.274418,652
Ext2,Quill,8192,1073741824,131072,133484340,8.043954,1018
Ext2,Quill,16384,1073741824,65536,128930099,8.328093,1967
Ext2,Quill,32768,1073741824,32768,108563069,9.890489,3313
Ext2,Quill,65536,1073741824,16384,104054482,10.319035,6350
Ext2,Quill,131072,1073741824,8192,101657031,10.562396,12409
Ext2,Quill,262144,1073741824,4096,100444228,10.689931,24522
Ext2,Quill,524288,1073741824,2048,114650057,9.365384,55981
Ext2,Quill,1048576,1073741824,1024,102479792,10.477596,100077
Ext2,Quill,2097152,1073741824,512,114409615,9.385066,223456
Ext2,Quill,4194304,1073741824,256,133895197,8.019271,523028
Ext2,Quill,8388608,1073741824,128,170125560,6.311467,1329105
Ext2,Quill,16777216,1073741824,64,186892845,5.745227,2920200
Ext2,Quill,33554432,1073741824,32,202130383,5.312125,6316574
Ext2,Quill,67108864,1073741824,16,208576677,5.147948,13036042
Ext2,Quill-mmap,512,1073741824,140419662872576,125120814,8.581640,59
Ext2,Quill-mmap,1024,1073741824,140419661824000,112120409,9.576685,106
Ext2,Quill-mmap,2048,1073741824,140419661299712,98458880,10.905485,187
Ext2,Quill-mmap,4096,1073741824,140419661037568,105001848,10.225933,400
Ext2,Quill-mmap,8192,1073741824,140419660906496,99345147,10.808196,757
Ext2,Quill-mmap,16384,1073741824,140419660840960,98924538,10.854151,1509
Ext2,Quill-mmap,32768,1073741824,140419660808192,112573330,9.538155,3435
Ext2,Quill-mmap,65536,1073741824,140419660791808,99334714,10.809331,6062
Ext2,Quill-mmap,131072,1073741824,140419660783616,99430355,10.798934,12137
Ext2,Quill-mmap,262144,1073741824,140419660779520,99390372,10.803278,24265
Ext2,Quill-mmap,524288,1073741824,140419660777472,100093632,10.727374,48873
Ext2,Quill-mmap,1048576,1073741824,140419660776448,117287565,9.154780,114538
Ext2,Quill-mmap,2097152,1073741824,140419660775936,110948735,9.677819,216696
Ext2,Quill-mmap,4194304,1073741824,140419660775680,132424789,8.108314,517284
Ext2,Quill-mmap,8388608,1073741824,140419660775552,154767314,6.937782,1209119
Ext2,Quill-mmap,16777216,1073741824,140419660775488,184979649,5.804648,2890307
Ext2,Quill-mmap,33554432,1073741824,140419660775456,201933366,5.317308,6310417
Ext2,Quill-mmap,67108864,1073741824,140419660775440,221712721,4.842942,13857045
Ext2,Quill,512,1073741824,2097152,614289570,1.747941,292
Ext2,Quill,1024,1073741824,1048576,349048069,3.076200,332
Ext2,Quill,2048,1073741824,524288,216702482,4.954912,413
Ext2,Quill,4096,1073741824,262144,180270530,5.956280,687
Ext2,Quill,8192,1073741824,131072,133846520,8.022187,1021
Ext2,Quill,16384,1073741824,65536,116543446,9.213232,1778
Ext2,Quill,32768,1073741824,32768,109096974,9.842086,3329
Ext2,Quill,65536,1073741824,16384,117592301,9.131055,7177
Ext2,Quill,131072,1073741824,8192,101652581,10.562858,12408
Ext2,Quill,262144,1073741824,4096,100535897,10.680183,24544
Ext2,Quill,524288,1073741824,2048,100506744,10.683281,49075
Ext2,Quill,1048576,1073741824,1024,102871434,10.437706,100460
Ext2,Quill,2097152,1073741824,512,115098896,9.328863,224802
Ext2,Quill,4194304,1073741824,256,133738795,8.028649,522417
Ext2,Quill,8388608,1073741824,128,155275311,6.915084,1213088
Ext2,Quill,16777216,1073741824,64,201493626,5.328912,3148337
Ext2,Quill,33554432,1073741824,32,202578599,5.300371,6330581
Ext2,Quill,67108864,1073741824,16,208743427,5.143835,13046464
Ext2,Quill-mmap,512,1073741824,140514152153088,125079584,8.584469,59
Ext2,Quill-mmap,1024,1073741824,140514151104512,98190742,10.935265,93
Ext2,Quill-mmap,2048,1073741824,140514150580224,98341655,10.918484,187
Ext2,Quill-mmap,4096,1073741824,140514150318080,117772015,9.117122,449
Ext2,Quill-mmap,8192,1073741824,140514150187008,99113559,10.833450,756
Ext2,Quill-mmap,16384,1073741824,140514150121472,98450962,10.906362,1502
Ext2,Quill-mmap,32768,1073741824,140514150088704,98530060,10.897607,3006
Ext2,Quill-mmap,65536,1073741824,140514150072320,99476895,10.793882,6071
Ext2,Quill-mmap,131072,1073741824,140514150064128,112773974,9.521185,13766
Ext2,Quill-mmap,262144,1073741824,140514150060032,99439176,10.797976,24277
Ext2,Quill-mmap,524288,1073741824,140514150057984,99995413,10.737911,48825
Ext2,Quill-mmap,1048576,1073741824,140514150056960,101680468,10.559961,99297
Ext2,Quill-mmap,2097152,1073741824,140514150056448,111019118,9.671684,216834
Ext2,Quill-mmap,4194304,1073741824,140514150056192,133227920,8.059435,520421
Ext2,Quill-mmap,8388608,1073741824,140514150056064,155137836,6.921212,1212014
Ext2,Quill-mmap,16777216,1073741824,140514150056000,186293494,5.763711,2910835
Ext2,Quill-mmap,33554432,1073741824,140514150055968,201817667,5.320356,6306802
Ext2,Quill-mmap,67108864,1073741824,140514150055952,207934666,5.163842,12995916
Ext2,Quill,512,1073741824,2097152,619934805,1.732024,295
Ext2,Quill,1024,1073741824,1048576,349763490,3.069908,333
Ext2,Quill,2048,1073741824,524288,217702626,4.932149,415
Ext2,Quill,4096,1073741824,262144,171600735,6.257210,654
Ext2,Quill,8192,1073741824,131072,145570051,7.376118,1110
Ext2,Quill,16384,1073741824,65536,116426576,9.222480,1776
Ext2,Quill,32768,1073741824,32768,108345504,9.910350,3306
Ext2,Quill,65536,1073741824,16384,103693341,10.354974,6328
Ext2,Quill,131072,1073741824,8192,101448132,10.584146,12383
Ext2,Quill,262144,1073741824,4096,104150223,10.309549,25427
Ext2,Quill,524288,1073741824,2048,100335397,10.701526,48991
Ext2,Quill,1048576,1073741824,1024,102487410,10.476817,100085
Ext2,Quill,2097152,1073741824,512,115571525,9.290713,225725
Ext2,Quill,4194304,1073741824,256,149502086,7.182119,583992
Ext2,Quill,8388608,1073741824,128,154790201,6.936756,1209298
Ext2,Quill,16777216,1073741824,64,185435560,5.790377,2897430
Ext2,Quill,33554432,1073741824,32,216260331,4.965043,6758135
Ext2,Quill,67108864,1073741824,16,208611942,5.147077,13038246
