Type,XIP,request_size,file_size,count,time (ns),Bandwidth (GB/s)
Posix,No_XIP,512,4194304,8192,11476279,0.365476
Posix,No_XIP,1024,4194304,4096,5963739,0.703301
Posix,No_XIP,2048,4194304,2048,3100401,1.352826
Posix,No_XIP,4096,4194304,1024,1633226,2.568110
Posix,No_XIP,8192,4194304,512,1007193,4.164350
Posix,No_XIP,16384,4194304,256,770943,5.440485
Posix,No_XIP,32768,4194304,128,602128,6.965801
Posix,No_XIP,65536,4194304,64,541022,7.752557
Posix,No_XIP,131072,4194304,32,534375,7.848990
Posix,No_XIP,262144,4194304,16,553314,7.580332
Posix,No_XIP,524288,4194304,8,564121,7.435114
Posix,No_XIP,1048576,4194304,4,546803,7.670594
Posix,No_XIP,512,4194304,8192,11536134,0.363580
Posix,No_XIP,1024,4194304,4096,5810706,0.721823
Posix,No_XIP,2048,4194304,2048,2979331,1.407801
Posix,No_XIP,4096,4194304,1024,1660116,2.526513
Posix,No_XIP,8192,4194304,512,998846,4.199150
Posix,No_XIP,16384,4194304,256,770108,5.446384
Posix,No_XIP,32768,4194304,128,614708,6.823246
Posix,No_XIP,65536,4194304,64,535026,7.839440
Posix,No_XIP,131072,4194304,32,550127,7.624247
Posix,No_XIP,262144,4194304,16,545922,7.682973
Posix,No_XIP,524288,4194304,8,562737,7.453400
Posix,No_XIP,1048576,4194304,4,559876,7.491487
Posix,No_XIP,512,4194304,8192,12230523,0.342937
Posix,No_XIP,1024,4194304,4096,6333477,0.662244
Posix,No_XIP,2048,4194304,2048,3046215,1.376890
Posix,No_XIP,4096,4194304,1024,1558480,2.691279
Posix,No_XIP,8192,4194304,512,1034675,4.053741
Posix,No_XIP,16384,4194304,256,761953,5.504675
Posix,No_XIP,32768,4194304,128,667045,6.287888
Posix,No_XIP,65536,4194304,64,534604,7.845628
Posix,No_XIP,131072,4194304,32,549843,7.628185
Posix,No_XIP,262144,4194304,16,591388,7.092305
Posix,No_XIP,524288,4194304,8,537195,7.807787
Posix,No_XIP,1048576,4194304,4,587254,7.142231
Posix,No_XIP,512,4194304,8192,12380971,0.338770
Posix,No_XIP,1024,4194304,4096,6093853,0.688284
Posix,No_XIP,2048,4194304,2048,3132754,1.338855
Posix,No_XIP,4096,4194304,1024,1648889,2.543715
Posix,No_XIP,8192,4194304,512,1091436,3.842923
Posix,No_XIP,16384,4194304,256,755018,5.555237
Posix,No_XIP,32768,4194304,128,626079,6.699321
Posix,No_XIP,65536,4194304,64,540674,7.757547
Posix,No_XIP,131072,4194304,32,516874,8.114751
Posix,No_XIP,262144,4194304,16,567147,7.395444
Posix,No_XIP,524288,4194304,8,541754,7.742082
Posix,No_XIP,1048576,4194304,4,544859,7.697962
Posix,No_XIP,512,4194304,8192,12161320,0.344889
Posix,No_XIP,1024,4194304,4096,5847879,0.717235
Posix,No_XIP,2048,4194304,2048,2984467,1.405378
Posix,No_XIP,4096,4194304,1024,1566515,2.677475
Posix,No_XIP,8192,4194304,512,1008845,4.157531
Posix,No_XIP,16384,4194304,256,774884,5.412815
Posix,No_XIP,32768,4194304,128,626491,6.694915
Posix,No_XIP,65536,4194304,64,531186,7.896112
Posix,No_XIP,131072,4194304,32,538457,7.789487
Posix,No_XIP,262144,4194304,16,544110,7.708559
Posix,No_XIP,524288,4194304,8,562074,7.462192
Posix,No_XIP,1048576,4194304,4,565164,7.421393
Posix,No_XIP,512,4194304,8192,11427632,0.367032
Posix,No_XIP,1024,4194304,4096,5981451,0.701218
Posix,No_XIP,2048,4194304,2048,3010334,1.393302
Posix,No_XIP,4096,4194304,1024,1592930,2.633075
Posix,No_XIP,8192,4194304,512,1017470,4.122288
Posix,No_XIP,16384,4194304,256,766487,5.472114
Posix,No_XIP,32768,4194304,128,598952,7.002738
Posix,No_XIP,65536,4194304,64,543807,7.712854
Posix,No_XIP,131072,4194304,32,527786,7.946979
Posix,No_XIP,262144,4194304,16,547774,7.656997
Posix,No_XIP,524288,4194304,8,566933,7.398236
Posix,No_XIP,1048576,4194304,4,549960,7.626562
Posix,No_XIP,512,4194304,8192,11406502,0.367712
Posix,No_XIP,1024,4194304,4096,5996262,0.699486
Posix,No_XIP,2048,4194304,2048,3027970,1.385187
Posix,No_XIP,4096,4194304,1024,1623921,2.582825
Posix,No_XIP,8192,4194304,512,1007081,4.164813
Posix,No_XIP,16384,4194304,256,759240,5.524345
Posix,No_XIP,32768,4194304,128,603936,6.944948
Posix,No_XIP,65536,4194304,64,561728,7.466788
Posix,No_XIP,131072,4194304,32,513033,8.175505
Posix,No_XIP,262144,4194304,16,563936,7.437553
Posix,No_XIP,524288,4194304,8,556501,7.536921
Posix,No_XIP,1048576,4194304,4,537914,7.797351
Posix,No_XIP,512,4194304,8192,11210623,0.374137
Posix,No_XIP,1024,4194304,4096,5790230,0.724376
Posix,No_XIP,2048,4194304,2048,2985264,1.405003
Posix,No_XIP,4096,4194304,1024,1720014,2.438529
Posix,No_XIP,8192,4194304,512,982739,4.267973
Posix,No_XIP,16384,4194304,256,766668,5.470822
Posix,No_XIP,32768,4194304,128,621870,6.744664
Posix,No_XIP,65536,4194304,64,509765,8.227917
Posix,No_XIP,131072,4194304,32,532335,7.879069
Posix,No_XIP,262144,4194304,16,534341,7.849489
Posix,No_XIP,524288,4194304,8,546345,7.677025
Posix,No_XIP,1048576,4194304,4,562237,7.460028
Posix,No_XIP,512,4194304,8192,11673218,0.359310
Posix,No_XIP,1024,4194304,4096,5877726,0.713593
Posix,No_XIP,2048,4194304,2048,3049162,1.375560
Posix,No_XIP,4096,4194304,1024,1624753,2.581503
Posix,No_XIP,8192,4194304,512,1008863,4.157456
Posix,No_XIP,16384,4194304,256,772679,5.428262
Posix,No_XIP,32768,4194304,128,609996,6.875953
Posix,No_XIP,65536,4194304,64,509489,8.232374
Posix,No_XIP,131072,4194304,32,516575,8.119448
Posix,No_XIP,262144,4194304,16,536373,7.819752
Posix,No_XIP,524288,4194304,8,546384,7.676477
Posix,No_XIP,1048576,4194304,4,547466,7.661305
Posix,No_XIP,512,4194304,8192,11752247,0.356894
Posix,No_XIP,1024,4194304,4096,5945978,0.705402
Posix,No_XIP,2048,4194304,2048,3028883,1.384769
Posix,No_XIP,4096,4194304,1024,1682331,2.493150
Posix,No_XIP,8192,4194304,512,1015432,4.130561
Posix,No_XIP,16384,4194304,256,775503,5.408495
Posix,No_XIP,32768,4194304,128,629829,6.659433
Posix,No_XIP,65536,4194304,64,519135,8.079409
Posix,No_XIP,131072,4194304,32,522734,8.023783
Posix,No_XIP,262144,4194304,16,536850,7.812804
Posix,No_XIP,524288,4194304,8,549914,7.627200
Posix,No_XIP,1048576,4194304,4,565111,7.422089
Quill,No_XIP,512,4194304,8192,12804263,0.327571
Quill,No_XIP,1024,4194304,4096,4926060,0.851452
Quill,No_XIP,2048,4194304,2048,2534741,1.654727
Quill,No_XIP,4096,4194304,1024,1377877,3.044034
Quill,No_XIP,8192,4194304,512,811668,5.167512
Quill,No_XIP,16384,4194304,256,547954,7.654482
Quill,No_XIP,32768,4194304,128,492919,8.509114
Quill,No_XIP,65536,4194304,64,415339,10.098507
Quill,No_XIP,131072,4194304,32,374086,11.212138
Quill,No_XIP,262144,4194304,16,403469,10.395604
Quill,No_XIP,524288,4194304,8,390086,10.752255
Quill,No_XIP,1048576,4194304,4,684764,6.125182
Quill,No_XIP,512,4194304,8192,26354397,0.159150
Quill,No_XIP,1024,4194304,4096,8255128,0.508085
Quill,No_XIP,2048,4194304,2048,2557050,1.640290
Quill,No_XIP,4096,4194304,1024,1391909,3.013346
Quill,No_XIP,8192,4194304,512,820364,5.112735
Quill,No_XIP,16384,4194304,256,543994,7.710203
Quill,No_XIP,32768,4194304,128,517730,8.101335
Quill,No_XIP,65536,4194304,64,410663,10.213494
Quill,No_XIP,131072,4194304,32,404862,10.359836
Quill,No_XIP,262144,4194304,16,401151,10.455674
Quill,No_XIP,524288,4194304,8,403473,10.395501
Quill,No_XIP,1048576,4194304,4,591109,7.095652
Quill,No_XIP,512,4194304,8192,11828456,0.354594
Quill,No_XIP,1024,4194304,4096,4927765,0.851157
Quill,No_XIP,2048,4194304,2048,2549647,1.645053
Quill,No_XIP,4096,4194304,1024,1412566,2.969280
Quill,No_XIP,8192,4194304,512,848617,4.942517
Quill,No_XIP,16384,4194304,256,561277,7.472788
Quill,No_XIP,32768,4194304,128,529389,7.922915
Quill,No_XIP,65536,4194304,64,426810,9.827099
Quill,No_XIP,131072,4194304,32,390460,10.741956
Quill,No_XIP,262144,4194304,16,400541,10.471597
Quill,No_XIP,524288,4194304,8,395706,10.599546
Quill,No_XIP,1048576,4194304,4,476710,8.798439
Quill,No_XIP,512,4194304,8192,28930719,0.144978
Quill,No_XIP,1024,4194304,4096,4987524,0.840959
Quill,No_XIP,2048,4194304,2048,2717264,1.543576
Quill,No_XIP,4096,4194304,1024,1398385,2.999391
Quill,No_XIP,8192,4194304,512,797476,5.259474
Quill,No_XIP,16384,4194304,256,602321,6.963569
Quill,No_XIP,32768,4194304,128,504245,8.317988
Quill,No_XIP,65536,4194304,64,413821,10.135551
Quill,No_XIP,131072,4194304,32,394764,10.624839
Quill,No_XIP,262144,4194304,16,434665,9.649509
Quill,No_XIP,524288,4194304,8,389203,10.776649
Quill,No_XIP,1048576,4194304,4,675247,6.211511
Quill,No_XIP,512,4194304,8192,15413111,0.272126
Quill,No_XIP,1024,4194304,4096,4816975,0.870734
Quill,No_XIP,2048,4194304,2048,2518634,1.665309
Quill,No_XIP,4096,4194304,1024,1380657,3.037904
Quill,No_XIP,8192,4194304,512,801137,5.235439
Quill,No_XIP,16384,4194304,256,537473,7.803748
Quill,No_XIP,32768,4194304,128,505024,8.305158
Quill,No_XIP,65536,4194304,64,402486,10.420994
Quill,No_XIP,131072,4194304,32,376077,11.152780
Quill,No_XIP,262144,4194304,16,398939,10.513647
Quill,No_XIP,524288,4194304,8,393668,10.654419
Quill,No_XIP,1048576,4194304,4,670442,6.256028
Quill,No_XIP,512,4194304,8192,22055584,0.190170
Quill,No_XIP,1024,4194304,4096,5030200,0.833825
Quill,No_XIP,2048,4194304,2048,2549857,1.644917
Quill,No_XIP,4096,4194304,1024,1402549,2.990487
Quill,No_XIP,8192,4194304,512,1041748,4.026217
Quill,No_XIP,16384,4194304,256,896513,4.678464
Quill,No_XIP,32768,4194304,128,805365,5.207954
Quill,No_XIP,65536,4194304,64,700600,5.986731
Quill,No_XIP,131072,4194304,32,687903,6.097232
Quill,No_XIP,262144,4194304,16,678323,6.183343
Quill,No_XIP,524288,4194304,8,647080,6.481894
Quill,No_XIP,1048576,4194304,4,912238,4.597818
Quill,No_XIP,512,4194304,8192,20205967,0.207577
Quill,No_XIP,1024,4194304,4096,4992745,0.840080
Quill,No_XIP,2048,4194304,2048,2736947,1.532475
Quill,No_XIP,4096,4194304,1024,1484187,2.825994
Quill,No_XIP,8192,4194304,512,898373,4.668778
Quill,No_XIP,16384,4194304,256,641762,6.535607
Quill,No_XIP,32768,4194304,128,494165,8.487659
Quill,No_XIP,65536,4194304,64,441615,9.497648
Quill,No_XIP,131072,4194304,32,423009,9.915401
Quill,No_XIP,262144,4194304,16,409731,10.236726
Quill,No_XIP,524288,4194304,8,406513,10.317761
Quill,No_XIP,1048576,4194304,4,488562,8.584998
Quill,No_XIP,512,4194304,8192,26683294,0.157188
Quill,No_XIP,1024,4194304,4096,5905483,0.710239
Quill,No_XIP,2048,4194304,2048,2552557,1.643177
Quill,No_XIP,4096,4194304,1024,1403106,2.989299
Quill,No_XIP,8192,4194304,512,836753,5.012595
Quill,No_XIP,16384,4194304,256,573184,7.317552
Quill,No_XIP,32768,4194304,128,485756,8.634590
Quill,No_XIP,65536,4194304,64,385058,10.892655
Quill,No_XIP,131072,4194304,32,403135,10.404217
Quill,No_XIP,262144,4194304,16,397688,10.546720
Quill,No_XIP,524288,4194304,8,386793,10.843795
Quill,No_XIP,1048576,4194304,4,804438,5.213956
Quill,No_XIP,512,4194304,8192,12904787,0.325019
Quill,No_XIP,1024,4194304,4096,5048578,0.830789
Quill,No_XIP,2048,4194304,2048,2694574,1.556574
Quill,No_XIP,4096,4194304,1024,1689658,2.482339
Quill,No_XIP,8192,4194304,512,2975630,1.409552
Quill,No_XIP,16384,4194304,256,2438736,1.719868
Quill,No_XIP,32768,4194304,128,1492557,2.810147
Quill,No_XIP,65536,4194304,64,401789,10.439071
Quill,No_XIP,131072,4194304,32,385439,10.881888
Quill,No_XIP,262144,4194304,16,1941924,2.159870
Quill,No_XIP,524288,4194304,8,1968306,2.130921
Quill,No_XIP,1048576,4194304,4,2204928,1.902241
Quill,No_XIP,512,4194304,8192,12400207,0.338245
Quill,No_XIP,1024,4194304,4096,5088991,0.824192
Quill,No_XIP,2048,4194304,2048,3544876,1.183202
Quill,No_XIP,4096,4194304,1024,1413702,2.966894
Quill,No_XIP,8192,4194304,512,823052,5.096038
Quill,No_XIP,16384,4194304,256,541455,7.746357
Quill,No_XIP,32768,4194304,128,522042,8.034419
Quill,No_XIP,65536,4194304,64,411981,10.180819
Quill,No_XIP,131072,4194304,32,410957,10.206187
Quill,No_XIP,262144,4194304,16,398780,10.517839
Quill,No_XIP,524288,4194304,8,414387,10.121707
Quill,No_XIP,1048576,4194304,4,458481,9.148261
Posix,XIP,512,4194304,8192,4281696,0.979589
Posix,XIP,1024,4194304,4096,2499775,1.677873
Posix,XIP,2048,4194304,2048,1592305,2.634108
Posix,XIP,4096,4194304,1024,1103983,3.799247
Posix,XIP,8192,4194304,512,976254,4.296325
Posix,XIP,16384,4194304,256,947158,4.428304
Posix,XIP,32768,4194304,128,1160749,3.613446
Posix,XIP,65536,4194304,64,1143852,3.666824
Posix,XIP,131072,4194304,32,1136961,3.689048
Posix,XIP,262144,4194304,16,1157661,3.623085
Posix,XIP,524288,4194304,8,1151552,3.642305
Posix,XIP,1048576,4194304,4,1160880,3.613038
Posix,XIP,512,4194304,8192,4348718,0.964492
Posix,XIP,1024,4194304,4096,2565309,1.635009
Posix,XIP,2048,4194304,2048,1659273,2.527796
Posix,XIP,4096,4194304,1024,1217375,3.445367
Posix,XIP,8192,4194304,512,1031074,4.067898
Posix,XIP,16384,4194304,256,1023782,4.096872
Posix,XIP,32768,4194304,128,1248231,3.360199
Posix,XIP,65536,4194304,64,1228794,3.413350
Posix,XIP,131072,4194304,32,1252959,3.347519
Posix,XIP,262144,4194304,16,1274751,3.290293
Posix,XIP,524288,4194304,8,1269370,3.304241
Posix,XIP,1048576,4194304,4,1204232,3.482970
Posix,XIP,512,4194304,8192,4410695,0.950939
Posix,XIP,1024,4194304,4096,2555544,1.641257
Posix,XIP,2048,4194304,2048,1658238,2.529374
Posix,XIP,4096,4194304,1024,1246173,3.365748
Posix,XIP,8192,4194304,512,1089067,3.851282
Posix,XIP,16384,4194304,256,1103904,3.799519
Posix,XIP,32768,4194304,128,1194754,3.510601
Posix,XIP,65536,4194304,64,1236045,3.393326
Posix,XIP,131072,4194304,32,1202441,3.488158
Posix,XIP,262144,4194304,16,1225166,3.423458
Posix,XIP,524288,4194304,8,1236953,3.390835
Posix,XIP,1048576,4194304,4,1274217,3.291672
Posix,XIP,512,4194304,8192,4280091,0.979957
Posix,XIP,1024,4194304,4096,2524781,1.661255
Posix,XIP,2048,4194304,2048,1636643,2.562748
Posix,XIP,4096,4194304,1024,1113964,3.765206
Posix,XIP,8192,4194304,512,997004,4.206908
Posix,XIP,16384,4194304,256,953593,4.398422
Posix,XIP,32768,4194304,128,1271002,3.299998
Posix,XIP,65536,4194304,64,1189989,3.524658
Posix,XIP,131072,4194304,32,1196521,3.505416
Posix,XIP,262144,4194304,16,1168224,3.590325
Posix,XIP,524288,4194304,8,1214464,3.453626
Posix,XIP,1048576,4194304,4,1197170,3.503516
Posix,XIP,512,4194304,8192,4264099,0.983632
Posix,XIP,1024,4194304,4096,2508358,1.672131
Posix,XIP,2048,4194304,2048,1623841,2.582952
Posix,XIP,4096,4194304,1024,1151130,3.643641
Posix,XIP,8192,4194304,512,1056253,3.970927
Posix,XIP,16384,4194304,256,981858,4.271803
Posix,XIP,32768,4194304,128,1185321,3.538539
Posix,XIP,65536,4194304,64,1215238,3.451426
Posix,XIP,131072,4194304,32,1222088,3.432080
Posix,XIP,262144,4194304,16,1171145,3.581370
Posix,XIP,524288,4194304,8,1221125,3.434787
Posix,XIP,1048576,4194304,4,1506662,2.783839
Posix,XIP,512,4194304,8192,4324253,0.969949
Posix,XIP,1024,4194304,4096,2509404,1.671434
Posix,XIP,2048,4194304,2048,1590193,2.637607
Posix,XIP,4096,4194304,1024,1098372,3.818655
Posix,XIP,8192,4194304,512,988497,4.243113
Posix,XIP,16384,4194304,256,955576,4.389294
Posix,XIP,32768,4194304,128,1188408,3.529347
Posix,XIP,65536,4194304,64,1167237,3.593361
Posix,XIP,131072,4194304,32,1186550,3.534873
Posix,XIP,262144,4194304,16,1184675,3.540468
Posix,XIP,524288,4194304,8,1190577,3.522917
Posix,XIP,1048576,4194304,4,1201312,3.491436
Posix,XIP,512,4194304,8192,4291090,0.977445
Posix,XIP,1024,4194304,4096,2517090,1.666331
Posix,XIP,2048,4194304,2048,1583251,2.649172
Posix,XIP,4096,4194304,1024,1105986,3.792366
Posix,XIP,8192,4194304,512,978049,4.288440
Posix,XIP,16384,4194304,256,960880,4.365065
Posix,XIP,32768,4194304,128,1150892,3.644394
Posix,XIP,65536,4194304,64,1145341,3.662057
Posix,XIP,131072,4194304,32,1142700,3.670521
Posix,XIP,262144,4194304,16,1161299,3.611735
Posix,XIP,524288,4194304,8,1192550,3.517089
Posix,XIP,1048576,4194304,4,1167066,3.593888
Posix,XIP,512,4194304,8192,4349148,0.964397
Posix,XIP,1024,4194304,4096,2570896,1.631456
Posix,XIP,2048,4194304,2048,1672388,2.507973
Posix,XIP,4096,4194304,1024,1178103,3.560218
Posix,XIP,8192,4194304,512,973892,4.306744
Posix,XIP,16384,4194304,256,1049954,3.994750
Posix,XIP,32768,4194304,128,1243601,3.372709
Posix,XIP,65536,4194304,64,1205176,3.480242
Posix,XIP,131072,4194304,32,1245352,3.367967
Posix,XIP,262144,4194304,16,1211727,3.461427
Posix,XIP,524288,4194304,8,1255261,3.341380
Posix,XIP,1048576,4194304,4,1206950,3.475127
Posix,XIP,512,4194304,8192,4429432,0.946917
Posix,XIP,1024,4194304,4096,2645525,1.585434
Posix,XIP,2048,4194304,2048,1635580,2.564414
Posix,XIP,4096,4194304,1024,1166609,3.595295
Posix,XIP,8192,4194304,512,1020802,4.108832
Posix,XIP,16384,4194304,256,1016452,4.126416
Posix,XIP,32768,4194304,128,1255229,3.341465
Posix,XIP,65536,4194304,64,1169557,3.586233
Posix,XIP,131072,4194304,32,1165069,3.600048
Posix,XIP,262144,4194304,16,1219330,3.439843
Posix,XIP,524288,4194304,8,1168260,3.590215
Posix,XIP,1048576,4194304,4,1173260,3.574914
Posix,XIP,512,4194304,8192,4346707,0.964938
Posix,XIP,1024,4194304,4096,2527064,1.659754
Posix,XIP,2048,4194304,2048,1574998,2.663054
Posix,XIP,4096,4194304,1024,1109311,3.780999
Posix,XIP,8192,4194304,512,1013399,4.138848
Posix,XIP,16384,4194304,256,1008896,4.157320
Posix,XIP,32768,4194304,128,1203125,3.486175
Posix,XIP,65536,4194304,64,1187706,3.531433
Posix,XIP,131072,4194304,32,1177737,3.561325
Posix,XIP,262144,4194304,16,1186720,3.534367
Posix,XIP,524288,4194304,8,1211445,3.462232
Posix,XIP,1048576,4194304,4,1217346,3.445449
Quill,XIP,512,4194304,8192,10555238,0.397367
Quill,XIP,1024,4194304,4096,4731231,0.886514
Quill,XIP,2048,4194304,2048,2522039,1.663061
Quill,XIP,4096,4194304,1024,1386003,3.026187
Quill,XIP,8192,4194304,512,798783,5.250868
Quill,XIP,16384,4194304,256,560793,7.479237
Quill,XIP,32768,4194304,128,513445,8.168945
Quill,XIP,65536,4194304,64,407498,10.292821
Quill,XIP,131072,4194304,32,367245,11.420997
Quill,XIP,262144,4194304,16,430145,9.750907
Quill,XIP,524288,4194304,8,390095,10.752007
Quill,XIP,1048576,4194304,4,453394,9.250903
Quill,XIP,512,4194304,8192,10552446,0.397472
Quill,XIP,1024,4194304,4096,4726305,0.887438
Quill,XIP,2048,4194304,2048,2512533,1.669353
Quill,XIP,4096,4194304,1024,1369237,3.063242
Quill,XIP,8192,4194304,512,775857,5.406027
Quill,XIP,16384,4194304,256,557436,7.524279
Quill,XIP,32768,4194304,128,472085,8.884637
Quill,XIP,65536,4194304,64,419041,10.009293
Quill,XIP,131072,4194304,32,360974,11.619407
Quill,XIP,262144,4194304,16,430101,9.751905
Quill,XIP,524288,4194304,8,388136,10.806274
Quill,XIP,1048576,4194304,4,462561,9.067569
Quill,XIP,512,4194304,8192,10492718,0.399735
Quill,XIP,1024,4194304,4096,4728551,0.887017
Quill,XIP,2048,4194304,2048,2509908,1.671099
Quill,XIP,4096,4194304,1024,1358393,3.087696
Quill,XIP,8192,4194304,512,784118,5.349072
Quill,XIP,16384,4194304,256,526841,7.961233
Quill,XIP,32768,4194304,128,488876,8.579484
Quill,XIP,65536,4194304,64,386228,10.859658
Quill,XIP,131072,4194304,32,369169,11.361474
Quill,XIP,262144,4194304,16,405057,10.354849
Quill,XIP,524288,4194304,8,399395,10.501644
Quill,XIP,1048576,4194304,4,453470,9.249353
Quill,XIP,512,4194304,8192,10509958,0.399079
Quill,XIP,1024,4194304,4096,4724780,0.887725
Quill,XIP,2048,4194304,2048,2510194,1.670908
Quill,XIP,4096,4194304,1024,1358689,3.087023
Quill,XIP,8192,4194304,512,791385,5.299954
Quill,XIP,16384,4194304,256,538084,7.794887
Quill,XIP,32768,4194304,128,479747,8.742741
Quill,XIP,65536,4194304,64,396981,10.565503
Quill,XIP,131072,4194304,32,363779,11.529813
Quill,XIP,262144,4194304,16,396813,10.569976
Quill,XIP,524288,4194304,8,397751,10.545050
Quill,XIP,1048576,4194304,4,466986,8.981648
Quill,XIP,512,4194304,8192,10499712,0.399468
Quill,XIP,1024,4194304,4096,4730178,0.886712
Quill,XIP,2048,4194304,2048,2502195,1.676250
Quill,XIP,4096,4194304,1024,1359555,3.085057
Quill,XIP,8192,4194304,512,780627,5.372994
Quill,XIP,16384,4194304,256,531425,7.892561
Quill,XIP,32768,4194304,128,475018,8.829779
Quill,XIP,65536,4194304,64,391858,10.703632
Quill,XIP,131072,4194304,32,355754,11.789900
Quill,XIP,262144,4194304,16,416095,10.080160
Quill,XIP,524288,4194304,8,387698,10.818482
Quill,XIP,1048576,4194304,4,463423,9.050703
Quill,XIP,512,4194304,8192,10501034,0.399418
Quill,XIP,1024,4194304,4096,4729703,0.886801
Quill,XIP,2048,4194304,2048,2502666,1.675934
Quill,XIP,4096,4194304,1024,1359994,3.084061
Quill,XIP,8192,4194304,512,771502,5.436543
Quill,XIP,16384,4194304,256,541350,7.747860
Quill,XIP,32768,4194304,128,477158,8.790179
Quill,XIP,65536,4194304,64,392744,10.679486
Quill,XIP,131072,4194304,32,363389,11.542188
Quill,XIP,262144,4194304,16,415384,10.097413
Quill,XIP,524288,4194304,8,388287,10.802072
Quill,XIP,1048576,4194304,4,462775,9.063376
Quill,XIP,512,4194304,8192,10484187,0.400060
Quill,XIP,1024,4194304,4096,4731625,0.886440
Quill,XIP,2048,4194304,2048,2503788,1.675183
Quill,XIP,4096,4194304,1024,1356835,3.091241
Quill,XIP,8192,4194304,512,788856,5.316945
Quill,XIP,16384,4194304,256,540513,7.759858
Quill,XIP,32768,4194304,128,463803,9.043288
Quill,XIP,65536,4194304,64,402446,10.422029
Quill,XIP,131072,4194304,32,355306,11.804765
Quill,XIP,262144,4194304,16,409121,10.251989
Quill,XIP,524288,4194304,8,393883,10.648604
Quill,XIP,1048576,4194304,4,475006,8.830002
Quill,XIP,512,4194304,8192,10477103,0.400331
Quill,XIP,1024,4194304,4096,4731058,0.886547
Quill,XIP,2048,4194304,2048,2503054,1.675675
Quill,XIP,4096,4194304,1024,1359978,3.084097
Quill,XIP,8192,4194304,512,772539,5.429246
Quill,XIP,16384,4194304,256,543808,7.712840
Quill,XIP,32768,4194304,128,463520,9.048809
Quill,XIP,65536,4194304,64,401898,10.436240
Quill,XIP,131072,4194304,32,355274,11.805829
Quill,XIP,262144,4194304,16,409041,10.253994
Quill,XIP,524288,4194304,8,388601,10.793343
Quill,XIP,1048576,4194304,4,474236,8.844339
Quill,XIP,512,4194304,8192,10521094,0.398657
Quill,XIP,1024,4194304,4096,4725957,0.887504
Quill,XIP,2048,4194304,2048,2509895,1.671107
Quill,XIP,4096,4194304,1024,1357866,3.088894
Quill,XIP,8192,4194304,512,790210,5.307835
Quill,XIP,16384,4194304,256,539482,7.774688
Quill,XIP,32768,4194304,128,480467,8.729640
Quill,XIP,65536,4194304,64,387283,10.830075
Quill,XIP,131072,4194304,32,384618,10.905116
Quill,XIP,262144,4194304,16,399133,10.508537
Quill,XIP,524288,4194304,8,406974,10.306074
Quill,XIP,1048576,4194304,4,467804,8.965943
Quill,XIP,512,4194304,8192,10487251,0.399943
Quill,XIP,1024,4194304,4096,4727906,0.887138
Quill,XIP,2048,4194304,2048,2508440,1.672077
Quill,XIP,4096,4194304,1024,1362014,3.079487
Quill,XIP,8192,4194304,512,774600,5.414800
Quill,XIP,16384,4194304,256,549270,7.636143
Quill,XIP,32768,4194304,128,470331,8.917771
Quill,XIP,65536,4194304,64,404125,10.378729
Quill,XIP,131072,4194304,32,358251,11.707724
Quill,XIP,262144,4194304,16,408786,10.260391
Quill,XIP,524288,4194304,8,387651,10.819794
Quill,XIP,1048576,4194304,4,475478,8.821237
Posix,No_XIP,512,134217728,262144,381286076,0.352013
Posix,No_XIP,1024,134217728,131072,211118736,0.635745
Posix,No_XIP,2048,134217728,65536,115354995,1.163519
Posix,No_XIP,4096,134217728,32768,66200001,2.027458
Posix,No_XIP,8192,134217728,16384,47102269,2.849496
Posix,No_XIP,16384,134217728,8192,39251439,3.419435
Posix,No_XIP,32768,134217728,4096,34105732,3.935342
Posix,No_XIP,65536,134217728,2048,30552854,4.392969
Posix,No_XIP,131072,134217728,1024,30264790,4.434781
Posix,No_XIP,262144,134217728,512,29497319,4.550167
Posix,No_XIP,524288,134217728,256,28795336,4.661093
Posix,No_XIP,1048576,134217728,128,28594217,4.693877
Posix,No_XIP,512,134217728,262144,376984890,0.356029
Posix,No_XIP,1024,134217728,131072,215281764,0.623451
Posix,No_XIP,2048,134217728,65536,115720223,1.159847
Posix,No_XIP,4096,134217728,32768,66261371,2.025580
Posix,No_XIP,8192,134217728,16384,46833086,2.865874
Posix,No_XIP,16384,134217728,8192,38886682,3.451509
Posix,No_XIP,32768,134217728,4096,33924945,3.956314
Posix,No_XIP,65536,134217728,2048,30651800,4.378788
Posix,No_XIP,131072,134217728,1024,29821116,4.500761
Posix,No_XIP,262144,134217728,512,29580818,4.537323
Posix,No_XIP,524288,134217728,256,28780079,4.663564
Posix,No_XIP,1048576,134217728,128,28500958,4.709236
Posix,No_XIP,512,134217728,262144,376236699,0.356737
Posix,No_XIP,1024,134217728,131072,213310786,0.629212
Posix,No_XIP,2048,134217728,65536,114983599,1.167277
Posix,No_XIP,4096,134217728,32768,66781367,2.009808
Posix,No_XIP,8192,134217728,16384,47253448,2.840380
Posix,No_XIP,16384,134217728,8192,39106961,3.432067
Posix,No_XIP,32768,134217728,4096,34040023,3.942939
Posix,No_XIP,65536,134217728,2048,30815960,4.355462
Posix,No_XIP,131072,134217728,1024,30112996,4.457136
Posix,No_XIP,262144,134217728,512,29685521,4.521320
Posix,No_XIP,524288,134217728,256,28846874,4.652765
Posix,No_XIP,1048576,134217728,128,28499837,4.709421
Posix,No_XIP,512,134217728,262144,385349766,0.348301
Posix,No_XIP,1024,134217728,131072,214997691,0.624275
Posix,No_XIP,2048,134217728,65536,115937846,1.157670
Posix,No_XIP,4096,134217728,32768,67112811,1.999882
Posix,No_XIP,8192,134217728,16384,47722750,2.812447
Posix,No_XIP,16384,134217728,8192,39507807,3.397246
Posix,No_XIP,32768,134217728,4096,34300638,3.912981
Posix,No_XIP,65536,134217728,2048,31045935,4.323198
Posix,No_XIP,131072,134217728,1024,30563706,4.391409
Posix,No_XIP,262144,134217728,512,29780996,4.506825
Posix,No_XIP,524288,134217728,256,29007331,4.627028
Posix,No_XIP,1048576,134217728,128,28702054,4.676241
Posix,No_XIP,512,134217728,262144,394817597,0.339949
Posix,No_XIP,1024,134217728,131072,218205100,0.615099
Posix,No_XIP,2048,134217728,65536,118704030,1.130692
Posix,No_XIP,4096,134217728,32768,68691455,1.953922
Posix,No_XIP,8192,134217728,16384,48333338,2.776918
Posix,No_XIP,16384,134217728,8192,39757680,3.375894
Posix,No_XIP,32768,134217728,4096,34470269,3.893724
Posix,No_XIP,65536,134217728,2048,31204417,4.301241
Posix,No_XIP,131072,134217728,1024,30000238,4.473889
Posix,No_XIP,262144,134217728,512,29648465,4.526971
Posix,No_XIP,524288,134217728,256,29005646,4.627297
Posix,No_XIP,1048576,134217728,128,28611604,4.691024
Posix,No_XIP,512,134217728,262144,388999254,0.345033
Posix,No_XIP,1024,134217728,131072,215000714,0.624266
Posix,No_XIP,2048,134217728,65536,117091461,1.146264
Posix,No_XIP,4096,134217728,32768,67481306,1.988962
Posix,No_XIP,8192,134217728,16384,47598665,2.819779
Posix,No_XIP,16384,134217728,8192,39551693,3.393476
Posix,No_XIP,32768,134217728,4096,34324775,3.910229
Posix,No_XIP,65536,134217728,2048,30716192,4.369608
Posix,No_XIP,131072,134217728,1024,30463706,4.405824
Posix,No_XIP,262144,134217728,512,29623842,4.530733
Posix,No_XIP,524288,134217728,256,29011200,4.626411
Posix,No_XIP,1048576,134217728,128,28718543,4.673556
Posix,No_XIP,512,134217728,262144,384178272,0.349363
Posix,No_XIP,1024,134217728,131072,215812488,0.621918
Posix,No_XIP,2048,134217728,65536,116333218,1.153735
Posix,No_XIP,4096,134217728,32768,67202654,1.997209
Posix,No_XIP,8192,134217728,16384,47283102,2.838598
Posix,No_XIP,16384,134217728,8192,39195057,3.424353
Posix,No_XIP,32768,134217728,4096,34128755,3.932687
Posix,No_XIP,65536,134217728,2048,30853792,4.350121
Posix,No_XIP,131072,134217728,1024,30309319,4.428266
Posix,No_XIP,262144,134217728,512,29569018,4.539134
Posix,No_XIP,524288,134217728,256,28938291,4.638067
Posix,No_XIP,1048576,134217728,128,28653641,4.684142
Posix,No_XIP,512,134217728,262144,388988429,0.345043
Posix,No_XIP,1024,134217728,131072,216113210,0.621053
Posix,No_XIP,2048,134217728,65536,117128793,1.145899
Posix,No_XIP,4096,134217728,32768,67608298,1.985226
Posix,No_XIP,8192,134217728,16384,47637897,2.817457
Posix,No_XIP,16384,134217728,8192,39481440,3.399515
Posix,No_XIP,32768,134217728,4096,34446587,3.896401
Posix,No_XIP,65536,134217728,2048,31318048,4.285635
Posix,No_XIP,131072,134217728,1024,30354719,4.421643
Posix,No_XIP,262144,134217728,512,29801736,4.503688
Posix,No_XIP,524288,134217728,256,29041788,4.621538
Posix,No_XIP,1048576,134217728,128,28666126,4.682102
Posix,No_XIP,512,134217728,262144,391655598,0.342693
Posix,No_XIP,1024,134217728,131072,217365300,0.617475
Posix,No_XIP,2048,134217728,65536,118019513,1.137250
Posix,No_XIP,4096,134217728,32768,68279964,1.965697
Posix,No_XIP,8192,134217728,16384,48054637,2.793023
Posix,No_XIP,16384,134217728,8192,39554812,3.393209
Posix,No_XIP,32768,134217728,4096,34198471,3.924670
Posix,No_XIP,65536,134217728,2048,30941696,4.337762
Posix,No_XIP,131072,134217728,1024,30210935,4.442687
Posix,No_XIP,262144,134217728,512,29715637,4.516737
Posix,No_XIP,524288,134217728,256,28876875,4.647931
Posix,No_XIP,1048576,134217728,128,28606179,4.691914
Posix,No_XIP,512,134217728,262144,390142774,0.344022
Posix,No_XIP,1024,134217728,131072,216714326,0.619330
Posix,No_XIP,2048,134217728,65536,120266458,1.116003
Posix,No_XIP,4096,134217728,32768,67824655,1.978893
Posix,No_XIP,8192,134217728,16384,47579072,2.820940
Posix,No_XIP,16384,134217728,8192,39478899,3.399733
Posix,No_XIP,32768,134217728,4096,34422847,3.899089
Posix,No_XIP,65536,134217728,2048,30918464,4.341022
Posix,No_XIP,131072,134217728,1024,30273367,4.433525
Posix,No_XIP,262144,134217728,512,29756906,4.510473
Posix,No_XIP,524288,134217728,256,28953327,4.635658
Posix,No_XIP,1048576,134217728,128,28587452,4.694987
Quill,No_XIP,512,134217728,262144,586601833,0.228806
Quill,No_XIP,1024,134217728,131072,271302933,0.494715
Quill,No_XIP,2048,134217728,65536,161123288,0.833013
Quill,No_XIP,4096,134217728,32768,117692144,1.140414
Quill,No_XIP,8192,134217728,16384,104703085,1.281889
Quill,No_XIP,16384,134217728,8192,101251174,1.325592
Quill,No_XIP,32768,134217728,4096,104496045,1.284429
Quill,No_XIP,65536,134217728,2048,102437701,1.310238
Quill,No_XIP,131072,134217728,1024,104128239,1.288966
Quill,No_XIP,262144,134217728,512,100688678,1.332997
Quill,No_XIP,524288,134217728,256,103223916,1.300258
Quill,No_XIP,1048576,134217728,128,100559715,1.334707
Quill,No_XIP,512,134217728,262144,562618508,0.238559
Quill,No_XIP,1024,134217728,131072,266299398,0.504011
Quill,No_XIP,2048,134217728,65536,162926456,0.823793
Quill,No_XIP,4096,134217728,32768,117619368,1.141119
Quill,No_XIP,8192,134217728,16384,100593931,1.334253
Quill,No_XIP,16384,134217728,8192,92052536,1.458056
Quill,No_XIP,32768,134217728,4096,94832072,1.415320
Quill,No_XIP,65536,134217728,2048,96253076,1.394425
Quill,No_XIP,131072,134217728,1024,97166251,1.381320
Quill,No_XIP,262144,134217728,512,93418202,1.436741
Quill,No_XIP,524288,134217728,256,94089568,1.426489
Quill,No_XIP,1048576,134217728,128,95455250,1.406080
Quill,No_XIP,512,134217728,262144,595737981,0.225297
Quill,No_XIP,1024,134217728,131072,256791977,0.522671
Quill,No_XIP,2048,134217728,65536,161764511,0.829711
Quill,No_XIP,4096,134217728,32768,117913233,1.138275
Quill,No_XIP,8192,134217728,16384,102539219,1.308940
Quill,No_XIP,16384,134217728,8192,103440541,1.297535
Quill,No_XIP,32768,134217728,4096,103903501,1.291754
Quill,No_XIP,65536,134217728,2048,101584219,1.321246
Quill,No_XIP,131072,134217728,1024,102750337,1.306251
Quill,No_XIP,262144,134217728,512,102093412,1.314656
Quill,No_XIP,524288,134217728,256,101850230,1.317795
Quill,No_XIP,1048576,134217728,128,100090009,1.340970
Quill,No_XIP,512,134217728,262144,509557033,0.263401
Quill,No_XIP,1024,134217728,131072,279253640,0.480630
Quill,No_XIP,2048,134217728,65536,156134448,0.859629
Quill,No_XIP,4096,134217728,32768,119663959,1.121622
Quill,No_XIP,8192,134217728,16384,97531348,1.376150
Quill,No_XIP,16384,134217728,8192,93523226,1.435127
Quill,No_XIP,32768,134217728,4096,97339032,1.378869
Quill,No_XIP,65536,134217728,2048,98121640,1.367871
Quill,No_XIP,131072,134217728,1024,98228598,1.366381
Quill,No_XIP,262144,134217728,512,95921601,1.399244
Quill,No_XIP,524288,134217728,256,98766577,1.358939
Quill,No_XIP,1048576,134217728,128,101458889,1.322878
Quill,No_XIP,512,134217728,262144,597434824,0.224657
Quill,No_XIP,1024,134217728,131072,247628270,0.542013
Quill,No_XIP,2048,134217728,65536,179417360,0.748075
Quill,No_XIP,4096,134217728,32768,118650377,1.131204
Quill,No_XIP,8192,134217728,16384,101810962,1.318303
Quill,No_XIP,16384,134217728,8192,99390343,1.350410
Quill,No_XIP,32768,134217728,4096,101259507,1.325483
Quill,No_XIP,65536,134217728,2048,101733960,1.319301
Quill,No_XIP,131072,134217728,1024,99811667,1.344710
Quill,No_XIP,262144,134217728,512,100147604,1.340199
Quill,No_XIP,524288,134217728,256,100811394,1.331375
Quill,No_XIP,1048576,134217728,128,100663921,1.333325
Quill,No_XIP,512,134217728,262144,520144736,0.258039
Quill,No_XIP,1024,134217728,131072,259344188,0.517527
Quill,No_XIP,2048,134217728,65536,163680089,0.820000
Quill,No_XIP,4096,134217728,32768,117155377,1.145639
Quill,No_XIP,8192,134217728,16384,99609750,1.347436
Quill,No_XIP,16384,134217728,8192,94805198,1.415721
Quill,No_XIP,32768,134217728,4096,103629102,1.295174
Quill,No_XIP,65536,134217728,2048,103236472,1.300100
Quill,No_XIP,131072,134217728,1024,102093721,1.314652
Quill,No_XIP,262144,134217728,512,101807656,1.318346
Quill,No_XIP,524288,134217728,256,102827430,1.305272
Quill,No_XIP,1048576,134217728,128,103741844,1.293767
Quill,No_XIP,512,134217728,262144,508986581,0.263696
Quill,No_XIP,1024,134217728,131072,267715925,0.501344
Quill,No_XIP,2048,134217728,65536,172167227,0.779578
Quill,No_XIP,4096,134217728,32768,120479335,1.114031
Quill,No_XIP,8192,134217728,16384,103053325,1.302410
Quill,No_XIP,16384,134217728,8192,96800311,1.386542
Quill,No_XIP,32768,134217728,4096,101662475,1.320229
Quill,No_XIP,65536,134217728,2048,100173594,1.339851
Quill,No_XIP,131072,134217728,1024,99790669,1.344993
Quill,No_XIP,262144,134217728,512,100538839,1.334984
Quill,No_XIP,524288,134217728,256,98760006,1.359029
Quill,No_XIP,1048576,134217728,128,99816687,1.344642
Quill,No_XIP,512,134217728,262144,551966415,0.243163
Quill,No_XIP,1024,134217728,131072,238916912,0.561776
Quill,No_XIP,2048,134217728,65536,165256558,0.812178
Quill,No_XIP,4096,134217728,32768,119812984,1.120227
Quill,No_XIP,8192,134217728,16384,102317024,1.311783
Quill,No_XIP,16384,134217728,8192,94621491,1.418470
Quill,No_XIP,32768,134217728,4096,101654744,1.320329
Quill,No_XIP,65536,134217728,2048,101716164,1.319532
Quill,No_XIP,131072,134217728,1024,100109356,1.340711
Quill,No_XIP,262144,134217728,512,100585697,1.334362
Quill,No_XIP,524288,134217728,256,100618035,1.333933
Quill,No_XIP,1048576,134217728,128,101330620,1.324553
Quill,No_XIP,512,134217728,262144,594834527,0.225639
Quill,No_XIP,1024,134217728,131072,278257830,0.482350
Quill,No_XIP,2048,134217728,65536,168561308,0.796255
Quill,No_XIP,4096,134217728,32768,118951489,1.128340
Quill,No_XIP,8192,134217728,16384,101176631,1.326568
Quill,No_XIP,16384,134217728,8192,98235390,1.366287
Quill,No_XIP,32768,134217728,4096,103863529,1.292251
Quill,No_XIP,65536,134217728,2048,102241287,1.312755
Quill,No_XIP,131072,134217728,1024,101827144,1.318094
Quill,No_XIP,262144,134217728,512,101593971,1.321119
Quill,No_XIP,524288,134217728,256,101971571,1.316227
Quill,No_XIP,1048576,134217728,128,102472967,1.309787
Quill,No_XIP,512,134217728,262144,526355988,0.254994
Quill,No_XIP,1024,134217728,131072,249316245,0.538343
Quill,No_XIP,2048,134217728,65536,157866328,0.850199
Quill,No_XIP,4096,134217728,32768,119113906,1.126802
Quill,No_XIP,8192,134217728,16384,103154851,1.301129
Quill,No_XIP,16384,134217728,8192,93146626,1.440930
Quill,No_XIP,32768,134217728,4096,103945944,1.291226
Quill,No_XIP,65536,134217728,2048,99870711,1.343915
Quill,No_XIP,131072,134217728,1024,101806721,1.318358
Quill,No_XIP,262144,134217728,512,100863814,1.330683
Quill,No_XIP,524288,134217728,256,100959050,1.329427
Quill,No_XIP,1048576,134217728,128,102327714,1.311646
Posix,XIP,512,134217728,262144,161162016,0.832812
Posix,XIP,1024,134217728,131072,92196492,1.455779
Posix,XIP,2048,134217728,65536,55802972,2.405208
Posix,XIP,4096,134217728,32768,37606487,3.569005
Posix,XIP,8192,134217728,16384,32914088,4.077820
Posix,XIP,16384,134217728,8192,31665697,4.238584
Posix,XIP,32768,134217728,4096,38224891,3.511265
Posix,XIP,65536,134217728,2048,38185063,3.514927
Posix,XIP,131072,134217728,1024,37797838,3.550937
Posix,XIP,262144,134217728,512,38078329,3.524780
Posix,XIP,524288,134217728,256,38266407,3.507456
Posix,XIP,1048576,134217728,128,38233714,3.510455
Posix,XIP,512,134217728,262144,160595648,0.835749
Posix,XIP,1024,134217728,131072,91208198,1.471553
Posix,XIP,2048,134217728,65536,55425683,2.421580
Posix,XIP,4096,134217728,32768,37391468,3.589528
Posix,XIP,8192,134217728,16384,32873605,4.082842
Posix,XIP,16384,134217728,8192,32396901,4.142919
Posix,XIP,32768,134217728,4096,38283856,3.505857
Posix,XIP,65536,134217728,2048,38212667,3.512388
Posix,XIP,131072,134217728,1024,37945430,3.537125
Posix,XIP,262144,134217728,512,38147754,3.518365
Posix,XIP,524288,134217728,256,38344212,3.500339
Posix,XIP,1048576,134217728,128,38274584,3.506706
Posix,XIP,512,134217728,262144,159179304,0.843186
Posix,XIP,1024,134217728,131072,90883599,1.476809
Posix,XIP,2048,134217728,65536,55324249,2.426020
Posix,XIP,4096,134217728,32768,37339500,3.594524
Posix,XIP,8192,134217728,16384,32847711,4.086060
Posix,XIP,16384,134217728,8192,31817113,4.218413
Posix,XIP,32768,134217728,4096,38499434,3.486226
Posix,XIP,65536,134217728,2048,38163014,3.516958
Posix,XIP,131072,134217728,1024,37879130,3.543316
Posix,XIP,262144,134217728,512,37992150,3.532775
Posix,XIP,524288,134217728,256,38262857,3.507781
Posix,XIP,1048576,134217728,128,38214341,3.512235
Posix,XIP,512,134217728,262144,159687126,0.840504
Posix,XIP,1024,134217728,131072,91310044,1.469912
Posix,XIP,2048,134217728,65536,55546279,2.416323
Posix,XIP,4096,134217728,32768,37473534,3.581667
Posix,XIP,8192,134217728,16384,32905848,4.078841
Posix,XIP,16384,134217728,8192,32399141,4.142632
Posix,XIP,32768,134217728,4096,38440185,3.491599
Posix,XIP,65536,134217728,2048,38372539,3.497755
Posix,XIP,131072,134217728,1024,37949027,3.536790
Posix,XIP,262144,134217728,512,38137694,3.519293
Posix,XIP,524288,134217728,256,38334810,3.501197
Posix,XIP,1048576,134217728,128,38343174,3.500433
Posix,XIP,512,134217728,262144,158887823,0.844733
Posix,XIP,1024,134217728,131072,90962037,1.475536
Posix,XIP,2048,134217728,65536,55246869,2.429418
Posix,XIP,4096,134217728,32768,37318308,3.596565
Posix,XIP,8192,134217728,16384,32770835,4.095646
Posix,XIP,16384,134217728,8192,31688970,4.235471
Posix,XIP,32768,134217728,4096,38081826,3.524456
Posix,XIP,65536,134217728,2048,38130895,3.519921
Posix,XIP,131072,134217728,1024,37768324,3.553712
Posix,XIP,262144,134217728,512,37976592,3.534223
Posix,XIP,524288,134217728,256,38274338,3.506729
Posix,XIP,1048576,134217728,128,38209775,3.512654
Posix,XIP,512,134217728,262144,160415099,0.836690
Posix,XIP,1024,134217728,131072,91036674,1.474326
Posix,XIP,2048,134217728,65536,55308207,2.426724
Posix,XIP,4096,134217728,32768,37366610,3.591916
Posix,XIP,8192,134217728,16384,32831811,4.088039
Posix,XIP,16384,134217728,8192,31484570,4.262968
Posix,XIP,32768,134217728,4096,38318655,3.502673
Posix,XIP,65536,134217728,2048,38198145,3.513724
Posix,XIP,131072,134217728,1024,37832693,3.547665
Posix,XIP,262144,134217728,512,38176937,3.515676
Posix,XIP,524288,134217728,256,38305799,3.503849
Posix,XIP,1048576,134217728,128,38258671,3.508165
Posix,XIP,512,134217728,262144,162602614,0.825434
Posix,XIP,1024,134217728,131072,93064431,1.442202
Posix,XIP,2048,134217728,65536,56337272,2.382397
Posix,XIP,4096,134217728,32768,37895736,3.541763
Posix,XIP,8192,134217728,16384,33261919,4.035177
Posix,XIP,16384,134217728,8192,31785064,4.222667
Posix,XIP,32768,134217728,4096,38545572,3.482053
Posix,XIP,65536,134217728,2048,38220853,3.511636
Posix,XIP,131072,134217728,1024,37871940,3.543989
Posix,XIP,262144,134217728,512,38107870,3.522047
Posix,XIP,524288,134217728,256,38301677,3.504226
Posix,XIP,1048576,134217728,128,38256245,3.508387
Posix,XIP,512,134217728,262144,161052631,0.833378
Posix,XIP,1024,134217728,131072,92254268,1.454867
Posix,XIP,2048,134217728,65536,56021593,2.395821
Posix,XIP,4096,134217728,32768,37646970,3.565167
Posix,XIP,8192,134217728,16384,33015130,4.065340
Posix,XIP,16384,134217728,8192,31889358,4.208856
Posix,XIP,32768,134217728,4096,38287842,3.505492
Posix,XIP,65536,134217728,2048,38227562,3.511020
Posix,XIP,131072,134217728,1024,37870322,3.544140
Posix,XIP,262144,134217728,512,38235898,3.510254
Posix,XIP,524288,134217728,256,38313740,3.503123
Posix,XIP,1048576,134217728,128,38284853,3.505766
Posix,XIP,512,134217728,262144,162563717,0.825632
Posix,XIP,1024,134217728,131072,92481961,1.451285
Posix,XIP,2048,134217728,65536,56083095,2.393194
Posix,XIP,4096,134217728,32768,37721930,3.558082
Posix,XIP,8192,134217728,16384,33030930,4.063395
Posix,XIP,16384,134217728,8192,31833013,4.216306
Posix,XIP,32768,134217728,4096,38634182,3.474067
Posix,XIP,65536,134217728,2048,38168154,3.516485
Posix,XIP,131072,134217728,1024,37802213,3.550526
Posix,XIP,262144,134217728,512,38114536,3.521432
Posix,XIP,524288,134217728,256,38297825,3.504578
Posix,XIP,1048576,134217728,128,38301940,3.504202
Posix,XIP,512,134217728,262144,159956639,0.839088
Posix,XIP,1024,134217728,131072,91466523,1.467397
Posix,XIP,2048,134217728,65536,55447515,2.420627
Posix,XIP,4096,134217728,32768,37380808,3.590552
Posix,XIP,8192,134217728,16384,32890891,4.080696
Posix,XIP,16384,134217728,8192,31498883,4.261031
Posix,XIP,32768,134217728,4096,38301732,3.504221
Posix,XIP,65536,134217728,2048,38245105,3.509409
Posix,XIP,131072,134217728,1024,37834116,3.547532
Posix,XIP,262144,134217728,512,38078201,3.524792
Posix,XIP,524288,134217728,256,38338728,3.500839
Posix,XIP,1048576,134217728,128,38271025,3.507032
Quill,XIP,512,134217728,262144,338278866,0.396767
Quill,XIP,1024,134217728,131072,155398763,0.863699
Quill,XIP,2048,134217728,65536,96254842,1.394400
Quill,XIP,4096,134217728,32768,57289869,2.342783
Quill,XIP,8192,134217728,16384,37117559,3.616017
Quill,XIP,16384,134217728,8192,29036816,4.622329
Quill,XIP,32768,134217728,4096,24984988,5.371935
Quill,XIP,65536,134217728,2048,22179396,6.051460
Quill,XIP,131072,134217728,1024,21734561,6.175314
Quill,XIP,262144,134217728,512,21734842,6.175234
Quill,XIP,524288,134217728,256,21300192,6.301245
Quill,XIP,1048576,134217728,128,23450632,5.723416
Quill,XIP,512,134217728,262144,337531792,0.397645
Quill,XIP,1024,134217728,131072,155490429,0.863190
Quill,XIP,2048,134217728,65536,96315383,1.393523
Quill,XIP,4096,134217728,32768,57279287,2.343216
Quill,XIP,8192,134217728,16384,37123904,3.615399
Quill,XIP,16384,134217728,8192,29039158,4.621957
Quill,XIP,32768,134217728,4096,25028864,5.362518
Quill,XIP,65536,134217728,2048,22202502,6.045162
Quill,XIP,131072,134217728,1024,21177295,6.337813
Quill,XIP,262144,134217728,512,21698101,6.185690
Quill,XIP,524288,134217728,256,21345569,6.287850
Quill,XIP,1048576,134217728,128,23445671,5.724627
Quill,XIP,512,134217728,262144,337443728,0.397748
Quill,XIP,1024,134217728,131072,155395856,0.863715
Quill,XIP,2048,134217728,65536,96325122,1.393382
Quill,XIP,4096,134217728,32768,57285634,2.342956
Quill,XIP,8192,134217728,16384,37119420,3.615836
Quill,XIP,16384,134217728,8192,29162856,4.602352
Quill,XIP,32768,134217728,4096,24989945,5.370869
Quill,XIP,65536,134217728,2048,22171421,6.053637
Quill,XIP,131072,134217728,1024,21797087,6.157599
Quill,XIP,262144,134217728,512,21723856,6.178357
Quill,XIP,524288,134217728,256,21292946,6.303389
Quill,XIP,1048576,134217728,128,23481480,5.715897
Quill,XIP,512,134217728,262144,338070103,0.397012
Quill,XIP,1024,134217728,131072,155979163,0.860485
Quill,XIP,2048,134217728,65536,96572550,1.389812
Quill,XIP,4096,134217728,32768,57388092,2.338773
Quill,XIP,8192,134217728,16384,37163131,3.611583
Quill,XIP,16384,134217728,8192,29024965,4.624217
Quill,XIP,32768,134217728,4096,25031608,5.361930
Quill,XIP,65536,134217728,2048,22212501,6.042441
Quill,XIP,131072,134217728,1024,21573527,6.221409
Quill,XIP,262144,134217728,512,21718871,6.179775
Quill,XIP,524288,134217728,256,21253220,6.315171
Quill,XIP,1048576,134217728,128,23462348,5.720558
Quill,XIP,512,134217728,262144,337813682,0.397313
Quill,XIP,1024,134217728,131072,155407711,0.863649
Quill,XIP,2048,134217728,65536,96325868,1.393372
Quill,XIP,4096,134217728,32768,57278989,2.343228
Quill,XIP,8192,134217728,16384,37108492,3.616901
Quill,XIP,16384,134217728,8192,28904290,4.643523
Quill,XIP,32768,134217728,4096,24964304,5.376386
Quill,XIP,65536,134217728,2048,22188380,6.049010
Quill,XIP,131072,134217728,1024,21218301,6.325564
Quill,XIP,262144,134217728,512,21677248,6.191641
Quill,XIP,524288,134217728,256,21282930,6.306356
Quill,XIP,1048576,134217728,128,23480301,5.716184
Quill,XIP,512,134217728,262144,336952243,0.398329
Quill,XIP,1024,134217728,131072,155410719,0.863632
Quill,XIP,2048,134217728,65536,96337333,1.393206
Quill,XIP,4096,134217728,32768,57279503,2.343207
Quill,XIP,8192,134217728,16384,37141891,3.613648
Quill,XIP,16384,134217728,8192,29036612,4.622362
Quill,XIP,32768,134217728,4096,24992007,5.370426
Quill,XIP,65536,134217728,2048,22218737,6.040745
Quill,XIP,131072,134217728,1024,21179433,6.337173
Quill,XIP,262144,134217728,512,21659738,6.196646
Quill,XIP,524288,134217728,256,21213608,6.326964
Quill,XIP,1048576,134217728,128,23475593,5.717331
Quill,XIP,512,134217728,262144,338447476,0.396569
Quill,XIP,1024,134217728,131072,155504294,0.863113
Quill,XIP,2048,134217728,65536,96317276,1.393496
Quill,XIP,4096,134217728,32768,57278974,2.343229
Quill,XIP,8192,134217728,16384,37124319,3.615359
Quill,XIP,16384,134217728,8192,28986169,4.630406
Quill,XIP,32768,134217728,4096,25003190,5.368024
Quill,XIP,65536,134217728,2048,22196328,6.046844
Quill,XIP,131072,134217728,1024,21226602,6.323091
Quill,XIP,262144,134217728,512,21660581,6.196405
Quill,XIP,524288,134217728,256,21347935,6.287153
Quill,XIP,1048576,134217728,128,23519393,5.706683
Quill,XIP,512,134217728,262144,337388718,0.397813
Quill,XIP,1024,134217728,131072,155413744,0.863616
Quill,XIP,2048,134217728,65536,96293056,1.393846
Quill,XIP,4096,134217728,32768,57269931,2.343599
Quill,XIP,8192,134217728,16384,37118820,3.615894
Quill,XIP,16384,134217728,8192,29031615,4.623157
Quill,XIP,32768,134217728,4096,24963583,5.376541
Quill,XIP,65536,134217728,2048,22175630,6.052488
Quill,XIP,131072,134217728,1024,21368896,6.280986
Quill,XIP,262144,134217728,512,21733237,6.175690
Quill,XIP,524288,134217728,256,21255962,6.314357
Quill,XIP,1048576,134217728,128,23472450,5.718096
Quill,XIP,512,134217728,262144,338930096,0.396004
Quill,XIP,1024,134217728,131072,155387949,0.863759
Quill,XIP,2048,134217728,65536,96311450,1.393580
Quill,XIP,4096,134217728,32768,57301897,2.342291
Quill,XIP,8192,134217728,16384,37082124,3.619472
Quill,XIP,16384,134217728,8192,29038155,4.622116
Quill,XIP,32768,134217728,4096,24959060,5.377515
Quill,XIP,65536,134217728,2048,22180392,6.051188
Quill,XIP,131072,134217728,1024,21518904,6.237201
Quill,XIP,262144,134217728,512,21702832,6.184342
Quill,XIP,524288,134217728,256,21201513,6.330573
Quill,XIP,1048576,134217728,128,23483388,5.715433
Quill,XIP,512,134217728,262144,338089484,0.396989
Quill,XIP,1024,134217728,131072,155433842,0.863504
Quill,XIP,2048,134217728,65536,96318350,1.393480
Quill,XIP,4096,134217728,32768,57282146,2.343099
Quill,XIP,8192,134217728,16384,37090724,3.618633
Quill,XIP,16384,134217728,8192,28962643,4.634167
Quill,XIP,32768,134217728,4096,24968142,5.375559
Quill,XIP,65536,134217728,2048,22173841,6.052976
Quill,XIP,131072,134217728,1024,21124646,6.353608
Quill,XIP,262144,134217728,512,21710841,6.182060
Quill,XIP,524288,134217728,256,21261659,6.312665
Quill,XIP,1048576,134217728,128,23451884,5.723111
Posix,No_XIP,512,4294967296,8388608,12257251238,0.350402
Posix,No_XIP,1024,4294967296,4194304,6899901975,0.622468
Posix,No_XIP,2048,4294967296,2097152,3760181867,1.142223
Posix,No_XIP,4096,4294967296,1048576,2188023950,1.962943
Posix,No_XIP,8192,4294967296,524288,1526263823,2.814040
Posix,No_XIP,16384,4294967296,262144,1269109574,3.384237
Posix,No_XIP,32768,4294967296,131072,1104141955,3.889869
Posix,No_XIP,65536,4294967296,65536,1000906922,4.291076
Posix,No_XIP,131072,4294967296,32768,968205515,4.436008
Posix,No_XIP,262144,4294967296,16384,956427620,4.490635
Posix,No_XIP,524288,4294967296,8192,929995630,4.618266
Posix,No_XIP,1048576,4294967296,4096,916491233,4.686316
Posix,No_XIP,512,4294967296,8388608,12419574343,0.345822
Posix,No_XIP,1024,4294967296,4194304,6954869595,0.617548
Posix,No_XIP,2048,4294967296,2097152,3777897496,1.136867
Posix,No_XIP,4096,4294967296,1048576,2146064961,2.001322
Posix,No_XIP,8192,4294967296,524288,1526270379,2.814028
Posix,No_XIP,16384,4294967296,262144,1263128193,3.400262
Posix,No_XIP,32768,4294967296,131072,1104407761,3.888933
Posix,No_XIP,65536,4294967296,65536,1001153628,4.290018
Posix,No_XIP,131072,4294967296,32768,979892695,4.383100
Posix,No_XIP,262144,4294967296,16384,955304346,4.495915
Posix,No_XIP,524288,4294967296,8192,929541321,4.620523
Posix,No_XIP,1048576,4294967296,4096,919132801,4.672847
Posix,No_XIP,512,4294967296,8388608,12476243178,0.344252
Posix,No_XIP,1024,4294967296,4194304,6995356706,0.613974
Posix,No_XIP,2048,4294967296,2097152,3793641785,1.132149
Posix,No_XIP,4096,4294967296,1048576,2171831643,1.977578
Posix,No_XIP,8192,4294967296,524288,1540246591,2.788493
Posix,No_XIP,16384,4294967296,262144,1267848957,3.387602
Posix,No_XIP,32768,4294967296,131072,1104823399,3.887470
Posix,No_XIP,65536,4294967296,65536,997718056,4.304791
Posix,No_XIP,131072,4294967296,32768,969239412,4.431276
Posix,No_XIP,262144,4294967296,16384,959826961,4.474731
Posix,No_XIP,524288,4294967296,8192,930674141,4.614899
Posix,No_XIP,1048576,4294967296,4096,921493108,4.660878
Posix,No_XIP,512,4294967296,8388608,12785389716,0.335928
Posix,No_XIP,1024,4294967296,4194304,7169663276,0.599047
Posix,No_XIP,2048,4294967296,2097152,3892382055,1.103429
Posix,No_XIP,4096,4294967296,1048576,2222013847,1.932917
Posix,No_XIP,8192,4294967296,524288,1563791308,2.746509
Posix,No_XIP,16384,4294967296,262144,1285891119,3.340071
Posix,No_XIP,32768,4294967296,131072,1113955870,3.855599
Posix,No_XIP,65536,4294967296,65536,1005103954,4.273157
Posix,No_XIP,131072,4294967296,32768,977820031,4.392390
Posix,No_XIP,262144,4294967296,16384,955190410,4.496451
Posix,No_XIP,524288,4294967296,8192,931366634,4.611468
Posix,No_XIP,1048576,4294967296,4096,920732982,4.664726
Posix,No_XIP,512,4294967296,8388608,12127082342,0.354163
Posix,No_XIP,1024,4294967296,4194304,6923047085,0.620387
Posix,No_XIP,2048,4294967296,2097152,3774941108,1.137757
Posix,No_XIP,4096,4294967296,1048576,2165180685,1.983653
Posix,No_XIP,8192,4294967296,524288,1527996044,2.810850
Posix,No_XIP,16384,4294967296,262144,1256123227,3.419224
Posix,No_XIP,32768,4294967296,131072,1102609567,3.895275
Posix,No_XIP,65536,4294967296,65536,1004648404,4.275095
Posix,No_XIP,131072,4294967296,32768,966511036,4.443785
Posix,No_XIP,262144,4294967296,16384,957219537,4.486920
Posix,No_XIP,524288,4294967296,8192,929098928,4.622723
Posix,No_XIP,1048576,4294967296,4096,918576916,4.675675
Posix,No_XIP,512,4294967296,8388608,12642719916,0.339719
Posix,No_XIP,1024,4294967296,4194304,6949527364,0.618023
Posix,No_XIP,2048,4294967296,2097152,3795091518,1.131716
Posix,No_XIP,4096,4294967296,1048576,2183071126,1.967397
Posix,No_XIP,8192,4294967296,524288,1543522682,2.782575
Posix,No_XIP,16384,4294967296,262144,1279083264,3.357848
Posix,No_XIP,32768,4294967296,131072,1110340079,3.868155
Posix,No_XIP,65536,4294967296,65536,1000664822,4.292114
Posix,No_XIP,131072,4294967296,32768,985296498,4.359061
Posix,No_XIP,262144,4294967296,16384,956621654,4.489724
Posix,No_XIP,524288,4294967296,8192,930125862,4.617619
Posix,No_XIP,1048576,4294967296,4096,920136254,4.667751
Posix,No_XIP,512,4294967296,8388608,12228930769,0.351214
Posix,No_XIP,1024,4294967296,4194304,6874108740,0.624804
Posix,No_XIP,2048,4294967296,2097152,3761351089,1.141868
Posix,No_XIP,4096,4294967296,1048576,2183718429,1.966814
Posix,No_XIP,8192,4294967296,524288,1544945402,2.780012
Posix,No_XIP,16384,4294967296,262144,1275548683,3.367153
Posix,No_XIP,32768,4294967296,131072,1105002492,3.886839
Posix,No_XIP,65536,4294967296,65536,1012270713,4.242904
Posix,No_XIP,131072,4294967296,32768,977271689,4.394855
Posix,No_XIP,262144,4294967296,16384,956139386,4.491989
Posix,No_XIP,524288,4294967296,8192,930791434,4.614318
Posix,No_XIP,1048576,4294967296,4096,921583919,4.660419
Posix,No_XIP,512,4294967296,8388608,12457149655,0.344779
Posix,No_XIP,1024,4294967296,4194304,6920768583,0.620591
Posix,No_XIP,2048,4294967296,2097152,3778409599,1.136713
Posix,No_XIP,4096,4294967296,1048576,2184100316,1.966470
Posix,No_XIP,8192,4294967296,524288,1547581424,2.775277
Posix,No_XIP,16384,4294967296,262144,1277716405,3.361440
Posix,No_XIP,32768,4294967296,131072,1112030610,3.862274
Posix,No_XIP,65536,4294967296,65536,1004245145,4.276812
Posix,No_XIP,131072,4294967296,32768,977443691,4.394082
Posix,No_XIP,262144,4294967296,16384,957688453,4.484723
Posix,No_XIP,524288,4294967296,8192,932463011,4.606046
Posix,No_XIP,1048576,4294967296,4096,920444327,4.666189
Posix,No_XIP,512,4294967296,8388608,12409216943,0.346111
Posix,No_XIP,1024,4294967296,4194304,6965187487,0.616633
Posix,No_XIP,2048,4294967296,2097152,3813118248,1.126366
Posix,No_XIP,4096,4294967296,1048576,2187260232,1.963629
Posix,No_XIP,8192,4294967296,524288,1540343950,2.788317
Posix,No_XIP,16384,4294967296,262144,1274560882,3.369762
Posix,No_XIP,32768,4294967296,131072,1103242427,3.893040
Posix,No_XIP,65536,4294967296,65536,998131449,4.303008
Posix,No_XIP,131072,4294967296,32768,970935462,4.423535
Posix,No_XIP,262144,4294967296,16384,957043670,4.487744
Posix,No_XIP,524288,4294967296,8192,930930028,4.613631
Posix,No_XIP,1048576,4294967296,4096,918983673,4.673606
Posix,No_XIP,512,4294967296,8388608,12232467108,0.351112
Posix,No_XIP,1024,4294967296,4194304,6861382270,0.625962
Posix,No_XIP,2048,4294967296,2097152,3743545024,1.147299
Posix,No_XIP,4096,4294967296,1048576,2156369986,1.991758
Posix,No_XIP,8192,4294967296,524288,1529556178,2.807983
Posix,No_XIP,16384,4294967296,262144,1261316404,3.405147
Posix,No_XIP,32768,4294967296,131072,1105429412,3.885338
Posix,No_XIP,65536,4294967296,65536,1001382597,4.289037
Posix,No_XIP,131072,4294967296,32768,975718611,4.401850
Posix,No_XIP,262144,4294967296,16384,959857825,4.474587
Posix,No_XIP,524288,4294967296,8192,931636337,4.610133
Posix,No_XIP,1048576,4294967296,4096,916125659,4.688186
Quill,No_XIP,512,4294967296,8388608,16352962527,0.262642
Quill,No_XIP,1024,4294967296,4194304,13116657645,0.327444
Quill,No_XIP,2048,4294967296,2097152,11602542578,0.370175
Quill,No_XIP,4096,4294967296,1048576,10048658883,0.427417
Quill,No_XIP,8192,4294967296,524288,9927144344,0.432649
Quill,No_XIP,16384,4294967296,262144,9585352908,0.448076
Quill,No_XIP,32768,4294967296,131072,9350375294,0.459336
Quill,No_XIP,65536,4294967296,65536,9309913472,0.461333
Quill,No_XIP,131072,4294967296,32768,9300960948,0.461777
Quill,No_XIP,262144,4294967296,16384,9249337089,0.464354
Quill,No_XIP,524288,4294967296,8192,9754687665,0.440298
Quill,No_XIP,1048576,4294967296,4096,10024810421,0.428434
Quill,No_XIP,512,4294967296,8388608,15865585438,0.270710
Quill,No_XIP,1024,4294967296,4194304,12462103624,0.344642
Quill,No_XIP,2048,4294967296,2097152,11689726344,0.367414
Quill,No_XIP,4096,4294967296,1048576,10962097148,0.391802
Quill,No_XIP,8192,4294967296,524288,10438174771,0.411467
Quill,No_XIP,16384,4294967296,262144,10113521266,0.424676
Quill,No_XIP,32768,4294967296,131072,10120852014,0.424368
Quill,No_XIP,65536,4294967296,65536,10289781212,0.417401
Quill,No_XIP,131072,4294967296,32768,10088533953,0.425728
Quill,No_XIP,262144,4294967296,16384,10323866027,0.416023
Quill,No_XIP,524288,4294967296,8192,9862921675,0.435466
Quill,No_XIP,1048576,4294967296,4096,9948023344,0.431741
Quill,No_XIP,512,4294967296,8388608,16649668547,0.257961
Quill,No_XIP,1024,4294967296,4194304,12969818712,0.331151
Quill,No_XIP,2048,4294967296,2097152,11780288371,0.364589
Quill,No_XIP,4096,4294967296,1048576,11132212175,0.385814
Quill,No_XIP,8192,4294967296,524288,10384684443,0.413587
Quill,No_XIP,16384,4294967296,262144,10178530637,0.421963
Quill,No_XIP,32768,4294967296,131072,10279835026,0.417805
Quill,No_XIP,65536,4294967296,65536,10041546321,0.427720
Quill,No_XIP,131072,4294967296,32768,10029871364,0.428218
Quill,No_XIP,262144,4294967296,16384,10009158018,0.429104
Quill,No_XIP,524288,4294967296,8192,9666767522,0.444302
Quill,No_XIP,1048576,4294967296,4096,10278902787,0.417843
Quill,No_XIP,512,4294967296,8388608,16521833487,0.259957
Quill,No_XIP,1024,4294967296,4194304,13085013813,0.328236
Quill,No_XIP,2048,4294967296,2097152,12271808723,0.349986
Quill,No_XIP,4096,4294967296,1048576,11184885947,0.383997
Quill,No_XIP,8192,4294967296,524288,10483229947,0.409699
Quill,No_XIP,16384,4294967296,262144,10527878819,0.407961
Quill,No_XIP,32768,4294967296,131072,10402001380,0.412898
Quill,No_XIP,65536,4294967296,65536,10230263671,0.419830
Quill,No_XIP,131072,4294967296,32768,9747819917,0.440608
Quill,No_XIP,262144,4294967296,16384,10288624160,0.417448
Quill,No_XIP,524288,4294967296,8192,9967985798,0.430876
Quill,No_XIP,1048576,4294967296,4096,9938637409,0.432149
Quill,No_XIP,512,4294967296,8388608,17239347470,0.249137
Quill,No_XIP,1024,4294967296,4194304,13381668751,0.320959
Quill,No_XIP,2048,4294967296,2097152,11997944372,0.357975
Quill,No_XIP,4096,4294967296,1048576,10941569976,0.392537
Quill,No_XIP,8192,4294967296,524288,10321287529,0.416127
Quill,No_XIP,16384,4294967296,262144,9835208247,0.436693
Quill,No_XIP,32768,4294967296,131072,10151251853,0.423097
Quill,No_XIP,65536,4294967296,65536,9811016971,0.437770
Quill,No_XIP,131072,4294967296,32768,9466048097,0.453723
Quill,No_XIP,262144,4294967296,16384,9628696931,0.446059
Quill,No_XIP,524288,4294967296,8192,9428290850,0.455540
Quill,No_XIP,1048576,4294967296,4096,9565964901,0.448984
Quill,No_XIP,512,4294967296,8388608,17091126029,0.251298
Quill,No_XIP,1024,4294967296,4194304,13446574373,0.319410
Quill,No_XIP,2048,4294967296,2097152,11742467109,0.365764
Quill,No_XIP,4096,4294967296,1048576,10707241336,0.401127
Quill,No_XIP,8192,4294967296,524288,10338586897,0.415431
Quill,No_XIP,16384,4294967296,262144,9877264524,0.434834
Quill,No_XIP,32768,4294967296,131072,10095142694,0.425449
Quill,No_XIP,65536,4294967296,65536,10279835269,0.417805
Quill,No_XIP,131072,4294967296,32768,9936348698,0.432248
Quill,No_XIP,262144,4294967296,16384,10020887576,0.428601
Quill,No_XIP,524288,4294967296,8192,9982819186,0.430236
Quill,No_XIP,1048576,4294967296,4096,10313085084,0.416458
Quill,No_XIP,512,4294967296,8388608,17129650222,0.250733
Quill,No_XIP,1024,4294967296,4194304,13417829888,0.320094
Quill,No_XIP,2048,4294967296,2097152,11564131500,0.371404
Quill,No_XIP,4096,4294967296,1048576,10424535243,0.412006
Quill,No_XIP,8192,4294967296,524288,10137251601,0.423682
Quill,No_XIP,16384,4294967296,262144,9760940523,0.440016
Quill,No_XIP,32768,4294967296,131072,9880430760,0.434694
Quill,No_XIP,65536,4294967296,65536,9521590775,0.451077
Quill,No_XIP,131072,4294967296,32768,9710427521,0.442305
Quill,No_XIP,262144,4294967296,16384,9380412188,0.457866
Quill,No_XIP,524288,4294967296,8192,9689816019,0.443245
Quill,No_XIP,1048576,4294967296,4096,10105299597,0.425021
Quill,No_XIP,512,4294967296,8388608,16591493755,0.258866
Quill,No_XIP,1024,4294967296,4194304,13483590694,0.318533
Quill,No_XIP,2048,4294967296,2097152,11482970202,0.374029
Quill,No_XIP,4096,4294967296,1048576,11132906852,0.385790
Quill,No_XIP,8192,4294967296,524288,10341332187,0.415321
Quill,No_XIP,16384,4294967296,262144,10192916449,0.421368
Quill,No_XIP,32768,4294967296,131072,9675028477,0.443923
Quill,No_XIP,65536,4294967296,65536,9730702906,0.441383
Quill,No_XIP,131072,4294967296,32768,9546851424,0.449883
Quill,No_XIP,262144,4294967296,16384,9579571724,0.448346
Quill,No_XIP,524288,4294967296,8192,9340771032,0.459809
Quill,No_XIP,1048576,4294967296,4096,10565386880,0.406513
Quill,No_XIP,512,4294967296,8388608,16245832415,0.264373
Quill,No_XIP,1024,4294967296,4194304,12731714223,0.337344
Quill,No_XIP,2048,4294967296,2097152,11741768796,0.365785
Quill,No_XIP,4096,4294967296,1048576,11004507458,0.390292
Quill,No_XIP,8192,4294967296,524288,10321428564,0.416121
Quill,No_XIP,16384,4294967296,262144,10369109876,0.414208
Quill,No_XIP,32768,4294967296,131072,10400082880,0.412974
Quill,No_XIP,65536,4294967296,65536,10158500647,0.422795
Quill,No_XIP,131072,4294967296,32768,10191182779,0.421440
Quill,No_XIP,262144,4294967296,16384,10162685516,0.422621
Quill,No_XIP,524288,4294967296,8192,10043939771,0.427618
Quill,No_XIP,1048576,4294967296,4096,9809823690,0.437823
Quill,No_XIP,512,4294967296,8388608,17003503994,0.252593
Quill,No_XIP,1024,4294967296,4194304,13813342338,0.310929
Quill,No_XIP,2048,4294967296,2097152,10897432411,0.394127
Quill,No_XIP,4096,4294967296,1048576,10298887426,0.417032
Quill,No_XIP,8192,4294967296,524288,10579940729,0.405954
Quill,No_XIP,16384,4294967296,262144,10341825468,0.415301
Quill,No_XIP,32768,4294967296,131072,10279709972,0.417810
Quill,No_XIP,65536,4294967296,65536,10361462373,0.414514
Quill,No_XIP,131072,4294967296,32768,9965409540,0.430988
Quill,No_XIP,262144,4294967296,16384,10456266484,0.410755
Quill,No_XIP,524288,4294967296,8192,10304954846,0.416787
Quill,No_XIP,1048576,4294967296,4096,10672502877,0.402433
Posix,XIP,512,4294967296,8388608,5062612069,0.848370
Posix,XIP,1024,4294967296,4194304,2905992515,1.477969
Posix,XIP,2048,4294967296,2097152,1767887422,2.429435
Posix,XIP,4096,4294967296,1048576,1195208507,3.593488
Posix,XIP,8192,4294967296,524288,1057359325,4.061975
Posix,XIP,16384,4294967296,262144,1027795769,4.178814
Posix,XIP,32768,4294967296,131072,1227562099,3.498778
Posix,XIP,65536,4294967296,65536,1238121334,3.468939
Posix,XIP,131072,4294967296,32768,1222219553,3.514072
Posix,XIP,262144,4294967296,16384,1231441829,3.487755
Posix,XIP,524288,4294967296,8192,1238546422,3.467748
Posix,XIP,1048576,4294967296,4096,1234636337,3.478731
Posix,XIP,512,4294967296,8388608,5025363430,0.854658
Posix,XIP,1024,4294967296,4194304,2884739211,1.488858
Posix,XIP,2048,4294967296,2097152,1757643575,2.443594
Posix,XIP,4096,4294967296,1048576,1190813506,3.606751
Posix,XIP,8192,4294967296,524288,1055687419,4.068408
Posix,XIP,16384,4294967296,262144,1031395755,4.164228
Posix,XIP,32768,4294967296,131072,1244291942,3.451736
Posix,XIP,65536,4294967296,65536,1237909190,3.469533
Posix,XIP,131072,4294967296,32768,1219964963,3.520566
Posix,XIP,262144,4294967296,16384,1232603869,3.484467
Posix,XIP,524288,4294967296,8192,1238002392,3.469272
Posix,XIP,1048576,4294967296,4096,1234603647,3.478823
Posix,XIP,512,4294967296,8388608,5032651234,0.853420
Posix,XIP,1024,4294967296,4194304,2890249109,1.486020
Posix,XIP,2048,4294967296,2097152,1761281240,2.438547
Posix,XIP,4096,4294967296,1048576,1192229891,3.602466
Posix,XIP,8192,4294967296,524288,1055317542,4.069834
Posix,XIP,16384,4294967296,262144,1022513216,4.200403
Posix,XIP,32768,4294967296,131072,1232934069,3.483534
Posix,XIP,65536,4294967296,65536,1232856629,3.483752
Posix,XIP,131072,4294967296,32768,1216724899,3.529941
Posix,XIP,262144,4294967296,16384,1228201889,3.496955
Posix,XIP,524288,4294967296,8192,1236172786,3.474407
Posix,XIP,1048576,4294967296,4096,1232380439,3.485099
Posix,XIP,512,4294967296,8388608,5067402767,0.847568
Posix,XIP,1024,4294967296,4194304,2907804035,1.477048
Posix,XIP,2048,4294967296,2097152,1768037013,2.429229
Posix,XIP,4096,4294967296,1048576,1196887480,3.588447
Posix,XIP,8192,4294967296,524288,1057685295,4.060723
Posix,XIP,16384,4294967296,262144,1017479529,4.221183
Posix,XIP,32768,4294967296,131072,1235012957,3.477670
Posix,XIP,65536,4294967296,65536,1239181845,3.465970
Posix,XIP,131072,4294967296,32768,1224105030,3.508659
Posix,XIP,262144,4294967296,16384,1233447472,3.482084
Posix,XIP,524288,4294967296,8192,1238843568,3.466917
Posix,XIP,1048576,4294967296,4096,1234680322,3.478607
Posix,XIP,512,4294967296,8388608,5152036151,0.833645
Posix,XIP,1024,4294967296,4194304,2945942046,1.457927
Posix,XIP,2048,4294967296,2097152,1789368578,2.400270
Posix,XIP,4096,4294967296,1048576,1205823061,3.561855
Posix,XIP,8192,4294967296,524288,1062634611,4.041810
Posix,XIP,16384,4294967296,262144,1017870738,4.219561
Posix,XIP,32768,4294967296,131072,1248199286,3.440931
Posix,XIP,65536,4294967296,65536,1237724990,3.470050
Posix,XIP,131072,4294967296,32768,1221187210,3.517042
Posix,XIP,262144,4294967296,16384,1237158916,3.471638
Posix,XIP,524288,4294967296,8192,1239762172,3.464348
Posix,XIP,1048576,4294967296,4096,1235576822,3.476083
Posix,XIP,512,4294967296,8388608,5085168225,0.844607
Posix,XIP,1024,4294967296,4194304,2916211239,1.472790
Posix,XIP,2048,4294967296,2097152,1773892439,2.421211
Posix,XIP,4096,4294967296,1048576,1199454448,3.580767
Posix,XIP,8192,4294967296,524288,1059294161,4.054556
Posix,XIP,16384,4294967296,262144,1018562385,4.216695
Posix,XIP,32768,4294967296,131072,1242211937,3.457516
Posix,XIP,65536,4294967296,65536,1236035769,3.474792
Posix,XIP,131072,4294967296,32768,1221642161,3.515733
Posix,XIP,262144,4294967296,16384,1233022331,3.483284
Posix,XIP,524288,4294967296,8192,1238779861,3.467095
Posix,XIP,1048576,4294967296,4096,1235193792,3.477161
Posix,XIP,512,4294967296,8388608,5060330616,0.848752
Posix,XIP,1024,4294967296,4194304,2904706188,1.478624
Posix,XIP,2048,4294967296,2097152,1767438595,2.430052
Posix,XIP,4096,4294967296,1048576,1195720703,3.591949
Posix,XIP,8192,4294967296,524288,1059910275,4.052199
Posix,XIP,16384,4294967296,262144,1018566930,4.216677
Posix,XIP,32768,4294967296,131072,1236531847,3.473398
Posix,XIP,65536,4294967296,65536,1235238189,3.477036
Posix,XIP,131072,4294967296,32768,1220288154,3.519634
Posix,XIP,262144,4294967296,16384,1229538920,3.493153
Posix,XIP,524288,4294967296,8192,1237930636,3.469473
Posix,XIP,1048576,4294967296,4096,1234287351,3.479714
Posix,XIP,512,4294967296,8388608,5128576945,0.837458
Posix,XIP,1024,4294967296,4194304,2941207784,1.460273
Posix,XIP,2048,4294967296,2097152,1781614847,2.410716
Posix,XIP,4096,4294967296,1048576,1204755013,3.565013
Posix,XIP,8192,4294967296,524288,1067760299,4.022408
Posix,XIP,16384,4294967296,262144,1030500624,4.167845
Posix,XIP,32768,4294967296,131072,1238584843,3.467641
Posix,XIP,65536,4294967296,65536,1238097672,3.469005
Posix,XIP,131072,4294967296,32768,1223702878,3.509812
Posix,XIP,262144,4294967296,16384,1233952851,3.480658
Posix,XIP,524288,4294967296,8192,1239372891,3.465436
Posix,XIP,1048576,4294967296,4096,1234922764,3.477924
Posix,XIP,512,4294967296,8388608,5033989432,0.853194
Posix,XIP,1024,4294967296,4194304,2894550855,1.483811
Posix,XIP,2048,4294967296,2097152,1761833826,2.437782
Posix,XIP,4096,4294967296,1048576,1192532142,3.601553
Posix,XIP,8192,4294967296,524288,1056461837,4.065426
Posix,XIP,16384,4294967296,262144,1036262712,4.144670
Posix,XIP,32768,4294967296,131072,1238705825,3.467302
Posix,XIP,65536,4294967296,65536,1238428144,3.468080
Posix,XIP,131072,4294967296,32768,1224740350,3.506839
Posix,XIP,262144,4294967296,16384,1235993233,3.474912
Posix,XIP,524288,4294967296,8192,1239311825,3.465607
Posix,XIP,1048576,4294967296,4096,1235436888,3.476476
Posix,XIP,512,4294967296,8388608,5051317687,0.850267
Posix,XIP,1024,4294967296,4194304,2898695772,1.481690
Posix,XIP,2048,4294967296,2097152,1763770534,2.435105
Posix,XIP,4096,4294967296,1048576,1192874259,3.600520
Posix,XIP,8192,4294967296,524288,1055616364,4.068682
Posix,XIP,16384,4294967296,262144,1041348911,4.124427
Posix,XIP,32768,4294967296,131072,1231175486,3.488509
Posix,XIP,65536,4294967296,65536,1236006932,3.474873
Posix,XIP,131072,4294967296,32768,1220639168,3.518622
Posix,XIP,262144,4294967296,16384,1233861120,3.480916
Posix,XIP,524288,4294967296,8192,1236681976,3.472976
Posix,XIP,1048576,4294967296,4096,1233419601,3.482162
Quill,XIP,512,4294967296,8388608,10842875716,0.396110
Quill,XIP,1024,4294967296,4194304,4982299841,0.862045
Quill,XIP,2048,4294967296,2097152,3107997456,1.381908
Quill,XIP,4096,4294967296,1048576,1843504619,2.329784
Quill,XIP,8192,4294967296,524288,1194464988,3.595725
Quill,XIP,16384,4294967296,262144,934576451,4.595630
Quill,XIP,32768,4294967296,131072,825336272,5.203900
Quill,XIP,65536,4294967296,65536,743322800,5.778065
Quill,XIP,131072,4294967296,32768,729074359,5.890987
Quill,XIP,262144,4294967296,16384,735012643,5.843392
Quill,XIP,524288,4294967296,8192,714860831,6.008117
Quill,XIP,1048576,4294967296,4096,758167316,5.664933
Quill,XIP,512,4294967296,8388608,10816470027,0.397077
Quill,XIP,1024,4294967296,4194304,4973395301,0.863589
Quill,XIP,2048,4294967296,2097152,3103053851,1.384110
Quill,XIP,4096,4294967296,1048576,1840994337,2.332961
Quill,XIP,8192,4294967296,524288,1192235906,3.602448
Quill,XIP,16384,4294967296,262144,932259424,4.607052
Quill,XIP,32768,4294967296,131072,823123592,5.217889
Quill,XIP,65536,4294967296,65536,742130873,5.787345
Quill,XIP,131072,4294967296,32768,726481676,5.912010
Quill,XIP,262144,4294967296,16384,735939032,5.836037
Quill,XIP,524288,4294967296,8192,713540088,6.019238
Quill,XIP,1048576,4294967296,4096,755884647,5.682041
Quill,XIP,512,4294967296,8388608,10842284515,0.396131
Quill,XIP,1024,4294967296,4194304,4974533549,0.863391
Quill,XIP,2048,4294967296,2097152,3103081104,1.384098
Quill,XIP,4096,4294967296,1048576,1841438783,2.332398
Quill,XIP,8192,4294967296,524288,1192118018,3.602804
Quill,XIP,16384,4294967296,262144,939348843,4.572281
Quill,XIP,32768,4294967296,131072,823526699,5.215335
Quill,XIP,65536,4294967296,65536,742491644,5.784533
Quill,XIP,131072,4294967296,32768,728031274,5.899427
Quill,XIP,262144,4294967296,16384,732426382,5.864026
Quill,XIP,524288,4294967296,8192,708313831,6.063650
Quill,XIP,1048576,4294967296,4096,760503380,5.647532
Quill,XIP,512,4294967296,8388608,10843941054,0.396071
Quill,XIP,1024,4294967296,4194304,4980490979,0.862358
Quill,XIP,2048,4294967296,2097152,3106654946,1.382505
Quill,XIP,4096,4294967296,1048576,1842888256,2.330563
Quill,XIP,8192,4294967296,524288,1192559747,3.601469
Quill,XIP,16384,4294967296,262144,932335258,4.606677
Quill,XIP,32768,4294967296,131072,822323614,5.222965
Quill,XIP,65536,4294967296,65536,742227335,5.786593
Quill,XIP,131072,4294967296,32768,728395043,5.896481
Quill,XIP,262144,4294967296,16384,734808383,5.845017
Quill,XIP,524288,4294967296,8192,710753088,6.042840
Quill,XIP,1048576,4294967296,4096,759603687,5.654221
Quill,XIP,512,4294967296,8388608,10844121810,0.396064
Quill,XIP,1024,4294967296,4194304,4971581447,0.863904
Quill,XIP,2048,4294967296,2097152,3102874872,1.384190
Quill,XIP,4096,4294967296,1048576,1841461035,2.332369
Quill,XIP,8192,4294967296,524288,1191729962,3.603977
Quill,XIP,16384,4294967296,262144,942478542,4.557098
Quill,XIP,32768,4294967296,131072,824361512,5.210053
Quill,XIP,65536,4294967296,65536,742970848,5.780802
Quill,XIP,131072,4294967296,32768,723104771,5.939620
Quill,XIP,262144,4294967296,16384,736499806,5.831593
Quill,XIP,524288,4294967296,8192,712987132,6.023906
Quill,XIP,1048576,4294967296,4096,759892430,5.652073
Quill,XIP,512,4294967296,8388608,10823850208,0.396806
Quill,XIP,1024,4294967296,4194304,4974887011,0.863330
Quill,XIP,2048,4294967296,2097152,3102953657,1.384155
Quill,XIP,4096,4294967296,1048576,1841177476,2.332729
Quill,XIP,8192,4294967296,524288,1191942941,3.603333
Quill,XIP,16384,4294967296,262144,937471976,4.581435
Quill,XIP,32768,4294967296,131072,822142243,5.224117
Quill,XIP,65536,4294967296,65536,741010367,5.796096
Quill,XIP,131072,4294967296,32768,726717303,5.910094
Quill,XIP,262144,4294967296,16384,733674614,5.854049
Quill,XIP,524288,4294967296,8192,714712114,6.009367
Quill,XIP,1048576,4294967296,4096,760361840,5.648583
Quill,XIP,512,4294967296,8388608,10875264169,0.394930
Quill,XIP,1024,4294967296,4194304,4992064453,0.860359
Quill,XIP,2048,4294967296,2097152,3112182982,1.380050
Quill,XIP,4096,4294967296,1048576,1845666430,2.327055
Quill,XIP,8192,4294967296,524288,1194405972,3.595902
Quill,XIP,16384,4294967296,262144,932370333,4.606504
Quill,XIP,32768,4294967296,131072,825074815,5.205549
Quill,XIP,65536,4294967296,65536,743653386,5.775496
Quill,XIP,131072,4294967296,32768,728991355,5.891657
Quill,XIP,262144,4294967296,16384,731921198,5.868073
Quill,XIP,524288,4294967296,8192,709402538,6.054344
Quill,XIP,1048576,4294967296,4096,758778500,5.660370
Quill,XIP,512,4294967296,8388608,10825937205,0.396729
Quill,XIP,1024,4294967296,4194304,4975082129,0.863296
Quill,XIP,2048,4294967296,2097152,3103070213,1.384103
Quill,XIP,4096,4294967296,1048576,1841167740,2.332741
Quill,XIP,8192,4294967296,524288,1192680217,3.601106
Quill,XIP,16384,4294967296,262144,937250675,4.582517
Quill,XIP,32768,4294967296,131072,823610864,5.214802
Quill,XIP,65536,4294967296,65536,742431468,5.785002
Quill,XIP,131072,4294967296,32768,726613913,5.910935
Quill,XIP,262144,4294967296,16384,733032891,5.859174
Quill,XIP,524288,4294967296,8192,713657001,6.018251
Quill,XIP,1048576,4294967296,4096,760043118,5.650952
Quill,XIP,512,4294967296,8388608,10833269872,0.396461
Quill,XIP,1024,4294967296,4194304,4975325066,0.863254
Quill,XIP,2048,4294967296,2097152,3102993043,1.384137
Quill,XIP,4096,4294967296,1048576,1841091329,2.332838
Quill,XIP,8192,4294967296,524288,1192075357,3.602933
Quill,XIP,16384,4294967296,262144,934508630,4.595963
Quill,XIP,32768,4294967296,131072,823366877,5.216347
Quill,XIP,65536,4294967296,65536,742533789,5.784205
Quill,XIP,131072,4294967296,32768,733103979,5.858606
Quill,XIP,262144,4294967296,16384,732983264,5.859571
Quill,XIP,524288,4294967296,8192,707338012,6.072015
Quill,XIP,1048576,4294967296,4096,759282682,5.656612
Quill,XIP,512,4294967296,8388608,10858161038,0.395552
Quill,XIP,1024,4294967296,4194304,4996966797,0.859515
Quill,XIP,2048,4294967296,2097152,3115292493,1.378672
Quill,XIP,4096,4294967296,1048576,1846609793,2.325866
Quill,XIP,8192,4294967296,524288,1194404675,3.595906
Quill,XIP,16384,4294967296,262144,932481071,4.605957
Quill,XIP,32768,4294967296,131072,825501921,5.202856
Quill,XIP,65536,4294967296,65536,744513768,5.768822
Quill,XIP,131072,4294967296,32768,725348485,5.921247
Quill,XIP,262144,4294967296,16384,738350544,5.816976
Quill,XIP,524288,4294967296,8192,713373326,6.020645
Quill,XIP,1048576,4294967296,4096,759874743,5.652204
